load,cam1,cam2,number
5.7344,DSC01686.JPG,DSC03996.JPG,1
6.3488,DSC01687.JPG,DSC03997.JPG,2
6.7584,DSC01688.JPG,DSC03998.JPG,3
7.3728,DSC01689.JPG,DSC03999.JPG,4
7.9872,DSC01690.JPG,DSC04000.JPG,5
8.6016,DSC01691.JPG,DSC04001.JPG,6
9.4208,DSC01692.JPG,DSC04002.JPG,7
10.24,DSC01693.JPG,DSC04003.JPG,8
11.0592,DSC01694.JPG,DSC04004.JPG,9
12.4928,DSC01695.JPG,DSC04005.JPG,10
13.7216,DSC01696.JPG,DSC04006.JPG,11
14.5408,DSC01697.JPG,DSC04007.JPG,12
15.36,DSC01698.JPG,DSC04008.JPG,13
15.9744,DSC01699.JPG,DSC04009.JPG,14
16.5888,DSC01700.JPG,DSC04010.JPG,15
16.9984,DSC01701.JPG,DSC04011.JPG,16
18.432,DSC01702.JPG,DSC04012.JPG,17
19.8656,DSC01703.JPG,DSC04013.JPG,18
21.504,DSC01704.JPG,DSC04014.JPG,19
22.528,DSC01705.JPG,DSC04015.JPG,20
24.1664,DSC01706.JPG,DSC04016.JPG,21
25.3952,DSC01707.JPG,DSC04017.JPG,22
26.624,DSC01708.JPG,DSC04018.JPG,23
27.8528,DSC01709.JPG,DSC04019.JPG,24
27.8528,DSC01710.JPG,DSC04020.JPG,25
30.1056,DSC01711.JPG,DSC04021.JPG,26
31.1296,DSC01712.JPG,DSC04022.JPG,27
32.3584,DSC01713.JPG,DSC04023.JPG,28
33.5872,DSC01714.JPG,DSC04024.JPG,29
35.2256,DSC01715.JPG,DSC04025.JPG,30
36.4544,DSC01716.JPG,DSC04026.JPG,31
37.888,DSC01717.JPG,DSC04027.JPG,32
38.912,DSC01718.JPG,DSC04028.JPG,33
39.7312,DSC01719.JPG,DSC04029.JPG,34
39.5264,DSC01720.JPG,DSC04030.JPG,35
41.3696,DSC01721.JPG,DSC04031.JPG,36
43.8272,DSC01722.JPG,DSC04032.JPG,37
45.4656,DSC01723.JPG,DSC04033.JPG,38
46.4896,DSC01724.JPG,DSC04034.JPG,39
47.3088,DSC01725.JPG,DSC04035.JPG,40
47.9232,DSC01726.JPG,DSC04036.JPG,41
48.9472,DSC01727.JPG,DSC04037.JPG,42
49.5616,DSC01728.JPG,DSC04038.JPG,43
50.176,DSC01729.JPG,DSC04039.JPG,44
51.2,DSC01730.JPG,DSC04040.JPG,45
52.224,DSC01731.JPG,DSC04041.JPG,46
53.248,DSC01732.JPG,DSC04042.JPG,47
53.0432,DSC01733.JPG,DSC04043.JPG,48
55.296,DSC01734.JPG,DSC04044.JPG,49
57.344,DSC01735.JPG,DSC04045.JPG,50
58.9824,DSC01736.JPG,DSC04046.JPG,51
60.2112,DSC01737.JPG,DSC04047.JPG,52
60.8256,DSC01738.JPG,DSC04048.JPG,53
61.6448,DSC01739.JPG,DSC04049.JPG,54
62.6688,DSC01740.JPG,DSC04050.JPG,55
64.1024,DSC01741.JPG,DSC04051.JPG,56
64.7168,DSC01742.JPG,DSC04052.JPG,57
65.536,DSC01743.JPG,DSC04053.JPG,58
66.1504,DSC01744.JPG,DSC04054.JPG,59
66.7648,DSC01745.JPG,DSC04055.JPG,60
67.1744,DSC01746.JPG,DSC04056.JPG,61
68.1984,DSC01747.JPG,DSC04057.JPG,62
69.8368,DSC01748.JPG,DSC04058.JPG,63
70.8608,DSC01749.JPG,DSC04059.JPG,64
71.8848,DSC01750.JPG,DSC04060.JPG,65
72.704,DSC01751.JPG,DSC04061.JPG,66
73.9328,DSC01752.JPG,DSC04062.JPG,67
74.5472,DSC01753.JPG,DSC04063.JPG,68
75.3664,DSC01754.JPG,DSC04064.JPG,69
76.1856,DSC01755.JPG,DSC04065.JPG,70
77.4144,DSC01756.JPG,DSC04066.JPG,71
78.4384,DSC01757.JPG,DSC04067.JPG,72
80.896,DSC01758.JPG,DSC04068.JPG,73
82.5344,DSC01759.JPG,DSC04069.JPG,74
83.7632,DSC01760.JPG,DSC04070.JPG,75
85.1968,DSC01761.JPG,DSC04071.JPG,76
86.6304,DSC01762.JPG,DSC04072.JPG,77
87.2448,DSC01763.JPG,DSC04073.JPG,78
87.8592,DSC01764.JPG,DSC04074.JPG,79
87.8592,DSC01765.JPG,DSC04075.JPG,80
90.5216,DSC01766.JPG,DSC04076.JPG,81
91.5456,DSC01767.JPG,DSC04077.JPG,82
92.9792,DSC01768.JPG,DSC04078.JPG,83
93.7984,DSC01769.JPG,DSC04079.JPG,84
94.8224,DSC01770.JPG,DSC04080.JPG,85
96.0512,DSC01771.JPG,DSC04081.JPG,86
97.0752,DSC01772.JPG,DSC04082.JPG,87
97.6896,DSC01773.JPG,DSC04083.JPG,88
98.0992,DSC01774.JPG,DSC04084.JPG,89
98.7136,DSC01775.JPG,DSC04085.JPG,90
101.171,DSC01776.JPG,DSC04086.JPG,91
102.4,DSC01777.JPG,DSC04087.JPG,92
103.629,DSC01778.JPG,DSC04088.JPG,93
104.858,DSC01779.JPG,DSC04089.JPG,94
105.677,DSC01780.JPG,DSC04090.JPG,95
106.701,DSC01781.JPG,DSC04091.JPG,96
107.315,DSC01782.JPG,DSC04092.JPG,97
107.11,DSC01783.JPG,DSC04093.JPG,98
108.134,DSC01784.JPG,DSC04094.JPG,99
109.158,DSC01785.JPG,DSC04095.JPG,100
110.387,DSC01786.JPG,DSC04096.JPG,101
112.026,DSC01787.JPG,DSC04097.JPG,102
113.869,DSC01788.JPG,DSC04098.JPG,103
113.664,DSC01789.JPG,DSC04099.JPG,104
113.459,DSC01790.JPG,DSC04100.JPG,105
113.459,DSC01791.JPG,DSC04101.JPG,106
46.4896,DSC01792.JPG,DSC04102.JPG,107
9.8304,DSC01793.JPG,DSC04103.JPG,108
3.6864,DSC01794.JPG,DSC04104.JPG,109
3.8912,DSC01795.JPG,DSC04105.JPG,110
4.5056,DSC01796.JPG,DSC04106.JPG,111
5.12,DSC01797.JPG,DSC04107.JPG,112
5.12,DSC01798.JPG,DSC04108.JPG,113
5.7344,DSC01799.JPG,DSC04109.JPG,114
6.9632,DSC01800.JPG,DSC04110.JPG,115
7.5776,DSC01801.JPG,DSC04111.JPG,116
8.192,DSC01802.JPG,DSC04112.JPG,117
8.8064,DSC01803.JPG,DSC04113.JPG,118
9.4208,DSC01804.JPG,DSC04114.JPG,119
10.0352,DSC01805.JPG,DSC04115.JPG,120
10.8544,DSC01806.JPG,DSC04116.JPG,121
11.6736,DSC01807.JPG,DSC04117.JPG,122
13.1072,DSC01808.JPG,DSC04118.JPG,123
13.5168,DSC01809.JPG,DSC04119.JPG,124
14.1312,DSC01810.JPG,DSC04120.JPG,125
14.7456,DSC01811.JPG,DSC04121.JPG,126
15.1552,DSC01812.JPG,DSC04122.JPG,127
16.5888,DSC01813.JPG,DSC04123.JPG,128
17.8176,DSC01814.JPG,DSC04124.JPG,129
19.2512,DSC01815.JPG,DSC04125.JPG,130
20.2752,DSC01816.JPG,DSC04126.JPG,131
21.7088,DSC01817.JPG,DSC04127.JPG,132
22.7328,DSC01818.JPG,DSC04128.JPG,133
23.552,DSC01819.JPG,DSC04129.JPG,134
24.1664,DSC01820.JPG,DSC04130.JPG,135
24.9856,DSC01821.JPG,DSC04131.JPG,136
25.3952,DSC01822.JPG,DSC04132.JPG,137
29.0816,DSC01823.JPG,DSC04133.JPG,138
30.9248,DSC01824.JPG,DSC04134.JPG,139
32.768,DSC01825.JPG,DSC04135.JPG,140
34.4064,DSC01826.JPG,DSC04136.JPG,141
35.84,DSC01827.JPG,DSC04137.JPG,142
37.2736,DSC01828.JPG,DSC04138.JPG,143
39.1168,DSC01829.JPG,DSC04139.JPG,144
40.96,DSC01830.JPG,DSC04140.JPG,145
42.1888,DSC01831.JPG,DSC04141.JPG,146
43.4176,DSC01832.JPG,DSC04142.JPG,147
44.2368,DSC01833.JPG,DSC04143.JPG,148
45.2608,DSC01834.JPG,DSC04144.JPG,149
46.4896,DSC01835.JPG,DSC04145.JPG,150
47.7184,DSC01836.JPG,DSC04146.JPG,151
47.7184,DSC01837.JPG,DSC04147.JPG,152
49.9712,DSC01838.JPG,DSC04148.JPG,153
51.6096,DSC01839.JPG,DSC04149.JPG,154
53.248,DSC01840.JPG,DSC04150.JPG,155
54.4768,DSC01841.JPG,DSC04151.JPG,156
55.9104,DSC01842.JPG,DSC04152.JPG,157
56.9344,DSC01843.JPG,DSC04153.JPG,158
57.7536,DSC01844.JPG,DSC04154.JPG,159
58.7776,DSC01845.JPG,DSC04155.JPG,160
60.416,DSC01846.JPG,DSC04156.JPG,161
61.6448,DSC01847.JPG,DSC04157.JPG,162
63.0784,DSC01848.JPG,DSC04158.JPG,163
63.8976,DSC01849.JPG,DSC04159.JPG,164
64.7168,DSC01850.JPG,DSC04160.JPG,165
65.1264,DSC01851.JPG,DSC04161.JPG,166
65.7408,DSC01852.JPG,DSC04162.JPG,167
67.3792,DSC01853.JPG,DSC04163.JPG,168
67.9936,DSC01854.JPG,DSC04164.JPG,169
69.8368,DSC01855.JPG,DSC04165.JPG,170
72.0896,DSC01856.JPG,DSC04166.JPG,171
73.5232,DSC01857.JPG,DSC04167.JPG,172
74.9568,DSC01858.JPG,DSC04168.JPG,173
76.3904,DSC01859.JPG,DSC04169.JPG,174
77.6192,DSC01860.JPG,DSC04170.JPG,175
79.4624,DSC01861.JPG,DSC04171.JPG,176
80.896,DSC01862.JPG,DSC04172.JPG,177
81.92,DSC01863.JPG,DSC04173.JPG,178
83.5584,DSC01864.JPG,DSC04174.JPG,179
84.7872,DSC01865.JPG,DSC04175.JPG,180
86.6304,DSC01866.JPG,DSC04176.JPG,181
87.6544,DSC01867.JPG,DSC04177.JPG,182
88.4736,DSC01868.JPG,DSC04178.JPG,183
88.2688,DSC01869.JPG,DSC04179.JPG,184
90.7264,DSC01870.JPG,DSC04180.JPG,185
91.9552,DSC01871.JPG,DSC04181.JPG,186
93.5936,DSC01872.JPG,DSC04182.JPG,187
94.8224,DSC01873.JPG,DSC04183.JPG,188
96.0512,DSC01874.JPG,DSC04184.JPG,189
97.28,DSC01875.JPG,DSC04185.JPG,190
98.0992,DSC01876.JPG,DSC04186.JPG,191
99.328,DSC01877.JPG,DSC04187.JPG,192
100.147,DSC01878.JPG,DSC04188.JPG,193
101.171,DSC01879.JPG,DSC04189.JPG,194
102.195,DSC01880.JPG,DSC04190.JPG,195
102.81,DSC01881.JPG,DSC04191.JPG,196
103.629,DSC01882.JPG,DSC04192.JPG,197
104.038,DSC01883.JPG,DSC04193.JPG,198
105.677,DSC01884.JPG,DSC04194.JPG,199
106.496,DSC01885.JPG,DSC04195.JPG,200
0.6144,DSC01886.JPG,DSC04196.JPG,201
0.4096,DSC01887.JPG,DSC04197.JPG,202
0.6144,DSC01888.JPG,DSC04198.JPG,203
0.8192,DSC01889.JPG,DSC04199.JPG,204
0.8192,DSC01890.JPG,DSC04200.JPG,205
1.024,DSC01891.JPG,DSC04201.JPG,206
1.2288,DSC01892.JPG,DSC04202.JPG,207
1.4336,DSC01893.JPG,DSC04203.JPG,208
1.4336,DSC01894.JPG,DSC04204.JPG,209
2.048,DSC01895.JPG,DSC04205.JPG,210
2.4576,DSC01896.JPG,DSC04206.JPG,211
2.6624,DSC01897.JPG,DSC04207.JPG,212
3.072,DSC01898.JPG,DSC04208.JPG,213
3.4816,DSC01899.JPG,DSC04209.JPG,214
3.4816,DSC01900.JPG,DSC04210.JPG,215
4.096,DSC01901.JPG,DSC04211.JPG,216
5.12,DSC01902.JPG,DSC04212.JPG,217
6.144,DSC01903.JPG,DSC04213.JPG,218
7.168,DSC01904.JPG,DSC04214.JPG,219
8.6016,DSC01905.JPG,DSC04215.JPG,220
10.0352,DSC01906.JPG,DSC04216.JPG,221
11.4688,DSC01907.JPG,DSC04217.JPG,222
11.4688,DSC01908.JPG,DSC04218.JPG,223
13.312,DSC01909.JPG,DSC04219.JPG,224
14.9504,DSC01910.JPG,DSC04220.JPG,225
16.9984,DSC01911.JPG,DSC04221.JPG,226
19.6608,DSC01912.JPG,DSC04222.JPG,227
20.8896,DSC01913.JPG,DSC04223.JPG,228
22.1184,DSC01914.JPG,DSC04224.JPG,229
23.7568,DSC01915.JPG,DSC04225.JPG,230
25.1904,DSC01916.JPG,DSC04226.JPG,231
26.4192,DSC01917.JPG,DSC04227.JPG,232
27.648,DSC01918.JPG,DSC04228.JPG,233
27.4432,DSC01919.JPG,DSC04229.JPG,234
29.9008,DSC01920.JPG,DSC04230.JPG,235
31.744,DSC01921.JPG,DSC04231.JPG,236
33.1776,DSC01922.JPG,DSC04232.JPG,237
34.2016,DSC01923.JPG,DSC04233.JPG,238
35.4304,DSC01924.JPG,DSC04234.JPG,239
36.6592,DSC01925.JPG,DSC04235.JPG,240
37.6832,DSC01926.JPG,DSC04236.JPG,241
39.3216,DSC01927.JPG,DSC04237.JPG,242
41.5744,DSC01928.JPG,DSC04238.JPG,243
42.5984,DSC01929.JPG,DSC04239.JPG,244
43.6224,DSC01930.JPG,DSC04240.JPG,245
43.6224,DSC01931.JPG,DSC04241.JPG,246
46.08,DSC01932.JPG,DSC04242.JPG,247
47.3088,DSC01933.JPG,DSC04243.JPG,248
48.7424,DSC01934.JPG,DSC04244.JPG,249
50.9952,DSC01935.JPG,DSC04245.JPG,250
52.8384,DSC01936.JPG,DSC04246.JPG,251
54.0672,DSC01937.JPG,DSC04247.JPG,252
55.296,DSC01938.JPG,DSC04248.JPG,253
56.32,DSC01939.JPG,DSC04249.JPG,254
57.1392,DSC01940.JPG,DSC04250.JPG,255
58.1632,DSC01941.JPG,DSC04251.JPG,256
59.1872,DSC01942.JPG,DSC04252.JPG,257
60.6208,DSC01943.JPG,DSC04253.JPG,258
61.44,DSC01944.JPG,DSC04254.JPG,259
62.6688,DSC01945.JPG,DSC04255.JPG,260
63.0784,DSC01946.JPG,DSC04256.JPG,261
65.1264,DSC01947.JPG,DSC04257.JPG,262
66.3552,DSC01948.JPG,DSC04258.JPG,263
67.7888,DSC01949.JPG,DSC04259.JPG,264
69.0176,DSC01950.JPG,DSC04260.JPG,265
70.2464,DSC01951.JPG,DSC04261.JPG,266
71.2704,DSC01952.JPG,DSC04262.JPG,267
72.0896,DSC01953.JPG,DSC04263.JPG,268
73.3184,DSC01954.JPG,DSC04264.JPG,269
74.5472,DSC01955.JPG,DSC04265.JPG,270
75.5712,DSC01956.JPG,DSC04266.JPG,271
77.0048,DSC01957.JPG,DSC04267.JPG,272
77.824,DSC01958.JPG,DSC04268.JPG,273
78.2336,DSC01959.JPG,DSC04269.JPG,274
79.872,DSC01960.JPG,DSC04270.JPG,275
81.5104,DSC01961.JPG,DSC04271.JPG,276
83.1488,DSC01962.JPG,DSC04272.JPG,277
84.3776,DSC01963.JPG,DSC04273.JPG,278
85.6064,DSC01964.JPG,DSC04274.JPG,279
86.8352,DSC01965.JPG,DSC04275.JPG,280
88.064,DSC01966.JPG,DSC04276.JPG,281
89.088,DSC01967.JPG,DSC04277.JPG,282
90.112,DSC01968.JPG,DSC04278.JPG,283
91.136,DSC01969.JPG,DSC04279.JPG,284
92.3648,DSC01970.JPG,DSC04280.JPG,285
93.5936,DSC01971.JPG,DSC04281.JPG,286
94.208,DSC01972.JPG,DSC04282.JPG,287
95.0272,DSC01973.JPG,DSC04283.JPG,288
94.8224,DSC01974.JPG,DSC04284.JPG,289
96.8704,DSC01975.JPG,DSC04285.JPG,290
98.5088,DSC01976.JPG,DSC04286.JPG,291
100.557,DSC01977.JPG,DSC04287.JPG,292
102.4,DSC01978.JPG,DSC04288.JPG,293
103.014,DSC01979.JPG,DSC04289.JPG,294
104.243,DSC01980.JPG,DSC04290.JPG,295
105.267,DSC01981.JPG,DSC04291.JPG,296
106.086,DSC01982.JPG,DSC04292.JPG,297
107.93,DSC01983.JPG,DSC04293.JPG,298
107.725,DSC01984.JPG,DSC04294.JPG,299
5.5296,DSC01985.JPG,DSC04295.JPG,300
3.8912,DSC01986.JPG,DSC04296.JPG,301
4.096,DSC01987.JPG,DSC04297.JPG,302
4.7104,DSC01988.JPG,DSC04298.JPG,303
5.5296,DSC01989.JPG,DSC04299.JPG,304
6.5536,DSC01990.JPG,DSC04300.JPG,305
7.5776,DSC01991.JPG,DSC04301.JPG,306
9.0112,DSC01992.JPG,DSC04302.JPG,307
10.24,DSC01993.JPG,DSC04303.JPG,308
11.0592,DSC01994.JPG,DSC04304.JPG,309
12.0832,DSC01995.JPG,DSC04305.JPG,310
12.9024,DSC01996.JPG,DSC04306.JPG,311
13.7216,DSC01997.JPG,DSC04307.JPG,312
14.5408,DSC01998.JPG,DSC04308.JPG,313
14.9504,DSC01999.JPG,DSC04309.JPG,314
14.9504,DSC02000.JPG,DSC04310.JPG,315
16.384,DSC02001.JPG,DSC04311.JPG,316
18.2272,DSC02002.JPG,DSC04312.JPG,317
19.6608,DSC02003.JPG,DSC04313.JPG,318
21.2992,DSC02004.JPG,DSC04314.JPG,319
23.3472,DSC02005.JPG,DSC04315.JPG,320
24.9856,DSC02006.JPG,DSC04316.JPG,321
26.624,DSC02007.JPG,DSC04317.JPG,322
28.0576,DSC02008.JPG,DSC04318.JPG,323
29.0816,DSC02009.JPG,DSC04319.JPG,324
30.1056,DSC02010.JPG,DSC04320.JPG,325
30.9248,DSC02011.JPG,DSC04321.JPG,326
31.744,DSC02012.JPG,DSC04322.JPG,327
33.1776,DSC02013.JPG,DSC04323.JPG,328
33.9968,DSC02014.JPG,DSC04324.JPG,329
34.816,DSC02015.JPG,DSC04325.JPG,330
35.6352,DSC02016.JPG,DSC04326.JPG,331
35.84,DSC02017.JPG,DSC04327.JPG,332
35.84,DSC02018.JPG,DSC04328.JPG,333
38.0928,DSC02019.JPG,DSC04329.JPG,334
40.1408,DSC02020.JPG,DSC04330.JPG,335
42.3936,DSC02021.JPG,DSC04331.JPG,336
44.032,DSC02022.JPG,DSC04332.JPG,337
45.6704,DSC02023.JPG,DSC04333.JPG,338
46.8992,DSC02024.JPG,DSC04334.JPG,339
48.3328,DSC02025.JPG,DSC04335.JPG,340
49.7664,DSC02026.JPG,DSC04336.JPG,341
51.2,DSC02027.JPG,DSC04337.JPG,342
52.4288,DSC02028.JPG,DSC04338.JPG,343
53.6576,DSC02029.JPG,DSC04339.JPG,344
54.6816,DSC02030.JPG,DSC04340.JPG,345
56.1152,DSC02031.JPG,DSC04341.JPG,346
57.5488,DSC02032.JPG,DSC04342.JPG,347
58.9824,DSC02033.JPG,DSC04343.JPG,348
59.8016,DSC02034.JPG,DSC04344.JPG,349
59.8016,DSC02035.JPG,DSC04345.JPG,350
59.8016,DSC02036.JPG,DSC04346.JPG,351
62.0544,DSC02037.JPG,DSC04347.JPG,352
63.488,DSC02038.JPG,DSC04348.JPG,353
65.7408,DSC02039.JPG,DSC04349.JPG,354
67.584,DSC02040.JPG,DSC04350.JPG,355
69.4272,DSC02041.JPG,DSC04351.JPG,356
71.2704,DSC02042.JPG,DSC04352.JPG,357
73.3184,DSC02043.JPG,DSC04353.JPG,358
74.9568,DSC02044.JPG,DSC04354.JPG,359
76.5952,DSC02045.JPG,DSC04355.JPG,360
78.0288,DSC02046.JPG,DSC04356.JPG,361
79.4624,DSC02047.JPG,DSC04357.JPG,362
80.2816,DSC02048.JPG,DSC04358.JPG,363
81.5104,DSC02049.JPG,DSC04359.JPG,364
82.7392,DSC02050.JPG,DSC04360.JPG,365
83.7632,DSC02051.JPG,DSC04361.JPG,366
84.5824,DSC02052.JPG,DSC04362.JPG,367
85.4016,DSC02053.JPG,DSC04363.JPG,368
85.1968,DSC02054.JPG,DSC04364.JPG,369
87.04,DSC02055.JPG,DSC04365.JPG,370
88.8832,DSC02056.JPG,DSC04366.JPG,371
89.7024,DSC02057.JPG,DSC04367.JPG,372
92.16,DSC02058.JPG,DSC04368.JPG,373
92.3648,DSC02059.JPG,DSC04369.JPG,374
93.5936,DSC02060.JPG,DSC04370.JPG,375
94.6176,DSC02061.JPG,DSC04371.JPG,376
96.4608,DSC02062.JPG,DSC04372.JPG,377
97.8944,DSC02063.JPG,DSC04373.JPG,378
99.1232,DSC02064.JPG,DSC04374.JPG,379
99.1232,DSC02065.JPG,DSC04375.JPG,380
100.147,DSC02066.JPG,DSC04376.JPG,381
100.557,DSC02067.JPG,DSC04377.JPG,382
101.376,DSC02068.JPG,DSC04378.JPG,383
102.4,DSC02069.JPG,DSC04379.JPG,384
103.424,DSC02070.JPG,DSC04380.JPG,385
104.653,DSC02071.JPG,DSC04381.JPG,386
105.882,DSC02072.JPG,DSC04382.JPG,387
106.496,DSC02073.JPG,DSC04383.JPG,388
107.52,DSC02074.JPG,DSC04384.JPG,389
108.134,DSC02075.JPG,DSC04385.JPG,390
108.749,DSC02076.JPG,DSC04386.JPG,391
108.544,DSC02077.JPG,DSC04387.JPG,392
11.6736,DSC02078.JPG,DSC04388.JPG,393
3.6864,DSC02079.JPG,DSC04389.JPG,394
3.6864,DSC02080.JPG,DSC04390.JPG,395
4.5056,DSC02081.JPG,DSC04391.JPG,396
5.12,DSC02082.JPG,DSC04392.JPG,397
6.144,DSC02083.JPG,DSC04393.JPG,398
6.9632,DSC02084.JPG,DSC04394.JPG,399
7.5776,DSC02085.JPG,DSC04395.JPG,400
0.6144,DSC02086.JPG,DSC04396.JPG,401
1.024,DSC02087.JPG,DSC04397.JPG,402
1.2288,DSC02088.JPG,DSC04398.JPG,403
1.6384,DSC02089.JPG,DSC04399.JPG,404
2.048,DSC02090.JPG,DSC04400.JPG,405
2.6624,DSC02091.JPG,DSC04401.JPG,406
3.072,DSC02092.JPG,DSC04402.JPG,407
3.072,DSC02093.JPG,DSC04403.JPG,408
3.6864,DSC02094.JPG,DSC04404.JPG,409
4.096,DSC02095.JPG,DSC04405.JPG,410
4.7104,DSC02096.JPG,DSC04406.JPG,411
6.144,DSC02097.JPG,DSC04407.JPG,412
6.7584,DSC02098.JPG,DSC04408.JPG,413
7.5776,DSC02099.JPG,DSC04409.JPG,414
7.7824,DSC02100.JPG,DSC04410.JPG,415
8.192,DSC02101.JPG,DSC04411.JPG,416
9.216,DSC02102.JPG,DSC04412.JPG,417
9.4208,DSC02103.JPG,DSC04413.JPG,418
10.8544,DSC02104.JPG,DSC04414.JPG,419
11.6736,DSC02105.JPG,DSC04415.JPG,420
12.288,DSC02106.JPG,DSC04416.JPG,421
13.7216,DSC02107.JPG,DSC04417.JPG,422
14.7456,DSC02108.JPG,DSC04418.JPG,423
15.7696,DSC02109.JPG,DSC04419.JPG,424
16.9984,DSC02110.JPG,DSC04420.JPG,425
18.0224,DSC02111.JPG,DSC04421.JPG,426
19.0464,DSC02112.JPG,DSC04422.JPG,427
19.8656,DSC02113.JPG,DSC04423.JPG,428
20.6848,DSC02114.JPG,DSC04424.JPG,429
21.7088,DSC02115.JPG,DSC04425.JPG,430
22.1184,DSC02116.JPG,DSC04426.JPG,431
23.1424,DSC02117.JPG,DSC04427.JPG,432
22.9376,DSC02118.JPG,DSC04428.JPG,433
24.9856,DSC02119.JPG,DSC04429.JPG,434
27.0336,DSC02120.JPG,DSC04430.JPG,435
28.0576,DSC02121.JPG,DSC04431.JPG,436
29.4912,DSC02122.JPG,DSC04432.JPG,437
31.1296,DSC02123.JPG,DSC04433.JPG,438
31.9488,DSC02124.JPG,DSC04434.JPG,439
32.3584,DSC02125.JPG,DSC04435.JPG,440
33.5872,DSC02126.JPG,DSC04436.JPG,441
34.816,DSC02127.JPG,DSC04437.JPG,442
35.84,DSC02128.JPG,DSC04438.JPG,443
36.864,DSC02129.JPG,DSC04439.JPG,444
37.6832,DSC02130.JPG,DSC04440.JPG,445
38.5024,DSC02131.JPG,DSC04441.JPG,446
39.3216,DSC02132.JPG,DSC04442.JPG,447
40.1408,DSC02133.JPG,DSC04443.JPG,448
40.96,DSC02134.JPG,DSC04444.JPG,449
41.5744,DSC02135.JPG,DSC04445.JPG,450
42.3936,DSC02136.JPG,DSC04446.JPG,451
44.032,DSC02137.JPG,DSC04447.JPG,452
46.08,DSC02138.JPG,DSC04448.JPG,453
47.7184,DSC02139.JPG,DSC04449.JPG,454
49.3568,DSC02140.JPG,DSC04450.JPG,455
50.3808,DSC02141.JPG,DSC04451.JPG,456
51.8144,DSC02142.JPG,DSC04452.JPG,457
52.8384,DSC02143.JPG,DSC04453.JPG,458
54.0672,DSC02144.JPG,DSC04454.JPG,459
55.296,DSC02145.JPG,DSC04455.JPG,460
56.5248,DSC02146.JPG,DSC04456.JPG,461
57.344,DSC02147.JPG,DSC04457.JPG,462
58.1632,DSC02148.JPG,DSC04458.JPG,463
59.1872,DSC02149.JPG,DSC04459.JPG,464
60.2112,DSC02150.JPG,DSC04460.JPG,465
61.0304,DSC02151.JPG,DSC04461.JPG,466
60.8256,DSC02152.JPG,DSC04462.JPG,467
63.6928,DSC02153.JPG,DSC04463.JPG,468
65.3312,DSC02154.JPG,DSC04464.JPG,469
66.7648,DSC02155.JPG,DSC04465.JPG,470
68.4032,DSC02156.JPG,DSC04466.JPG,471
70.0416,DSC02157.JPG,DSC04467.JPG,472
71.0656,DSC02158.JPG,DSC04468.JPG,473
72.2944,DSC02159.JPG,DSC04469.JPG,474
73.728,DSC02160.JPG,DSC04470.JPG,475
74.9568,DSC02161.JPG,DSC04471.JPG,476
75.776,DSC02162.JPG,DSC04472.JPG,477
76.8,DSC02163.JPG,DSC04473.JPG,478
78.2336,DSC02164.JPG,DSC04474.JPG,479
79.0528,DSC02165.JPG,DSC04475.JPG,480
79.6672,DSC02166.JPG,DSC04476.JPG,481
80.896,DSC02167.JPG,DSC04477.JPG,482
81.7152,DSC02168.JPG,DSC04478.JPG,483
84.5824,DSC02169.JPG,DSC04479.JPG,484
86.4256,DSC02170.JPG,DSC04480.JPG,485
88.4736,DSC02171.JPG,DSC04481.JPG,486
90.112,DSC02172.JPG,DSC04482.JPG,487
91.9552,DSC02173.JPG,DSC04483.JPG,488
93.184,DSC02174.JPG,DSC04484.JPG,489
94.208,DSC02175.JPG,DSC04485.JPG,490
96.0512,DSC02176.JPG,DSC04486.JPG,491
97.4848,DSC02177.JPG,DSC04487.JPG,492
98.5088,DSC02178.JPG,DSC04488.JPG,493
99.5328,DSC02179.JPG,DSC04489.JPG,494
100.352,DSC02180.JPG,DSC04490.JPG,495
100.352,DSC02181.JPG,DSC04491.JPG,496
103.219,DSC02182.JPG,DSC04492.JPG,497
104.448,DSC02183.JPG,DSC04493.JPG,498
105.882,DSC02184.JPG,DSC04494.JPG,499
107.315,DSC02185.JPG,DSC04495.JPG,500
109.158,DSC02186.JPG,DSC04496.JPG,501
111.411,DSC02187.JPG,DSC04497.JPG,502
111.206,DSC02188.JPG,DSC04498.JPG,503
15.36,DSC02189.JPG,DSC04499.JPG,504
8.3968,DSC02190.JPG,DSC04500.JPG,505
9.8304,DSC02191.JPG,DSC04501.JPG,506
10.6496,DSC02192.JPG,DSC04502.JPG,507
11.6736,DSC02193.JPG,DSC04503.JPG,508
12.4928,DSC02194.JPG,DSC04504.JPG,509
13.312,DSC02195.JPG,DSC04505.JPG,510
13.9264,DSC02196.JPG,DSC04506.JPG,511
14.1312,DSC02197.JPG,DSC04507.JPG,512
15.9744,DSC02198.JPG,DSC04508.JPG,513
17.408,DSC02199.JPG,DSC04509.JPG,514
18.8416,DSC02200.JPG,DSC04510.JPG,515
20.0704,DSC02201.JPG,DSC04511.JPG,516
21.504,DSC02202.JPG,DSC04512.JPG,517
22.7328,DSC02203.JPG,DSC04513.JPG,518
23.7568,DSC02204.JPG,DSC04514.JPG,519
24.576,DSC02205.JPG,DSC04515.JPG,520
26.2144,DSC02206.JPG,DSC04516.JPG,521
27.648,DSC02207.JPG,DSC04517.JPG,522
28.4672,DSC02208.JPG,DSC04518.JPG,523
28.4672,DSC02209.JPG,DSC04519.JPG,524
29.2864,DSC02210.JPG,DSC04520.JPG,525
30.3104,DSC02211.JPG,DSC04521.JPG,526
31.1296,DSC02212.JPG,DSC04522.JPG,527
31.9488,DSC02213.JPG,DSC04523.JPG,528
32.9728,DSC02214.JPG,DSC04524.JPG,529
33.9968,DSC02215.JPG,DSC04525.JPG,530
34.816,DSC02216.JPG,DSC04526.JPG,531
34.816,DSC02217.JPG,DSC04527.JPG,532
36.864,DSC02218.JPG,DSC04528.JPG,533
36.6592,DSC02219.JPG,DSC04529.JPG,534
38.5024,DSC02220.JPG,DSC04530.JPG,535
40.1408,DSC02221.JPG,DSC04531.JPG,536
41.5744,DSC02222.JPG,DSC04532.JPG,537
43.4176,DSC02223.JPG,DSC04533.JPG,538
44.8512,DSC02224.JPG,DSC04534.JPG,539
46.08,DSC02225.JPG,DSC04535.JPG,540
45.8752,DSC02226.JPG,DSC04536.JPG,541
47.104,DSC02227.JPG,DSC04537.JPG,542
46.8992,DSC02228.JPG,DSC04538.JPG,543
48.3328,DSC02229.JPG,DSC04539.JPG,544
49.5616,DSC02230.JPG,DSC04540.JPG,545
50.7904,DSC02231.JPG,DSC04541.JPG,546
52.224,DSC02232.JPG,DSC04542.JPG,547
53.0432,DSC02233.JPG,DSC04543.JPG,548
54.4768,DSC02234.JPG,DSC04544.JPG,549
55.5008,DSC02235.JPG,DSC04545.JPG,550
56.7296,DSC02236.JPG,DSC04546.JPG,551
57.7536,DSC02237.JPG,DSC04547.JPG,552
58.9824,DSC02238.JPG,DSC04548.JPG,553
60.416,DSC02239.JPG,DSC04549.JPG,554
62.464,DSC02240.JPG,DSC04550.JPG,555
64.3072,DSC02241.JPG,DSC04551.JPG,556
65.9456,DSC02242.JPG,DSC04552.JPG,557
67.1744,DSC02243.JPG,DSC04553.JPG,558
68.1984,DSC02244.JPG,DSC04554.JPG,559
69.632,DSC02245.JPG,DSC04555.JPG,560
71.0656,DSC02246.JPG,DSC04556.JPG,561
72.0896,DSC02247.JPG,DSC04557.JPG,562
73.5232,DSC02248.JPG,DSC04558.JPG,563
74.3424,DSC02249.JPG,DSC04559.JPG,564
75.3664,DSC02250.JPG,DSC04560.JPG,565
76.8,DSC02251.JPG,DSC04561.JPG,566
78.4384,DSC02252.JPG,DSC04562.JPG,567
79.0528,DSC02253.JPG,DSC04563.JPG,568
79.872,DSC02254.JPG,DSC04564.JPG,569
80.6912,DSC02255.JPG,DSC04565.JPG,570
82.5344,DSC02256.JPG,DSC04566.JPG,571
84.7872,DSC02257.JPG,DSC04567.JPG,572
86.6304,DSC02258.JPG,DSC04568.JPG,573
88.4736,DSC02259.JPG,DSC04569.JPG,574
89.7024,DSC02260.JPG,DSC04570.JPG,575
91.3408,DSC02261.JPG,DSC04571.JPG,576
92.9792,DSC02262.JPG,DSC04572.JPG,577
94.8224,DSC02263.JPG,DSC04573.JPG,578
96.4608,DSC02264.JPG,DSC04574.JPG,579
98.304,DSC02265.JPG,DSC04575.JPG,580
99.5328,DSC02266.JPG,DSC04576.JPG,581
101.171,DSC02267.JPG,DSC04577.JPG,582
102.195,DSC02268.JPG,DSC04578.JPG,583
103.424,DSC02269.JPG,DSC04579.JPG,584
104.653,DSC02270.JPG,DSC04580.JPG,585
105.677,DSC02271.JPG,DSC04581.JPG,586
106.496,DSC02272.JPG,DSC04582.JPG,587
106.291,DSC02273.JPG,DSC04583.JPG,588
29.0816,DSC02274.JPG,DSC04584.JPG,589
11.264,DSC02275.JPG,DSC04585.JPG,590
11.4688,DSC02276.JPG,DSC04586.JPG,591
12.6976,DSC02277.JPG,DSC04587.JPG,592
14.7456,DSC02278.JPG,DSC04588.JPG,593
16.7936,DSC02279.JPG,DSC04589.JPG,594
18.8416,DSC02280.JPG,DSC04590.JPG,595
20.8896,DSC02281.JPG,DSC04591.JPG,596
22.7328,DSC02282.JPG,DSC04592.JPG,597
24.7808,DSC02283.JPG,DSC04593.JPG,598
26.2144,DSC02284.JPG,DSC04594.JPG,599
28.2624,DSC02285.JPG,DSC04595.JPG,600
0.1,DSC02286.JPG,DSC04596.JPG,601
0.4096,DSC02287.JPG,DSC04597.JPG,602
0.6144,DSC02288.JPG,DSC04598.JPG,603
0.8192,DSC02289.JPG,DSC04599.JPG,604
1.8432,DSC02290.JPG,DSC04600.JPG,605
1.8432,DSC02291.JPG,DSC04601.JPG,606
1.8432,DSC02292.JPG,DSC04602.JPG,607
1.8432,DSC02293.JPG,DSC04603.JPG,608
2.2528,DSC02294.JPG,DSC04604.JPG,609
2.8672,DSC02295.JPG,DSC04605.JPG,610
3.4816,DSC02296.JPG,DSC04606.JPG,611
4.7104,DSC02297.JPG,DSC04607.JPG,612
5.3248,DSC02298.JPG,DSC04608.JPG,613
5.7344,DSC02299.JPG,DSC04609.JPG,614
6.5536,DSC02300.JPG,DSC04610.JPG,615
6.7584,DSC02301.JPG,DSC04611.JPG,616
7.7824,DSC02302.JPG,DSC04612.JPG,617
7.7824,DSC02303.JPG,DSC04613.JPG,618
9.0112,DSC02304.JPG,DSC04614.JPG,619
10.24,DSC02305.JPG,DSC04615.JPG,620
11.4688,DSC02306.JPG,DSC04616.JPG,621
12.9024,DSC02307.JPG,DSC04617.JPG,622
14.9504,DSC02308.JPG,DSC04618.JPG,623
15.9744,DSC02309.JPG,DSC04619.JPG,624
16.9984,DSC02310.JPG,DSC04620.JPG,625
18.0224,DSC02311.JPG,DSC04621.JPG,626
18.6368,DSC02312.JPG,DSC04622.JPG,627
18.6368,DSC02313.JPG,DSC04623.JPG,628
20.2752,DSC02314.JPG,DSC04624.JPG,629
21.0944,DSC02315.JPG,DSC04625.JPG,630
22.3232,DSC02316.JPG,DSC04626.JPG,631
23.1424,DSC02317.JPG,DSC04627.JPG,632
24.1664,DSC02318.JPG,DSC04628.JPG,633
25.1904,DSC02319.JPG,DSC04629.JPG,634
26.2144,DSC02320.JPG,DSC04630.JPG,635
27.648,DSC02321.JPG,DSC04631.JPG,636
28.4672,DSC02322.JPG,DSC04632.JPG,637
30.1056,DSC02323.JPG,DSC04633.JPG,638
31.5392,DSC02324.JPG,DSC04634.JPG,639
32.768,DSC02325.JPG,DSC04635.JPG,640
33.5872,DSC02326.JPG,DSC04636.JPG,641
34.6112,DSC02327.JPG,DSC04637.JPG,642
35.4304,DSC02328.JPG,DSC04638.JPG,643
35.4304,DSC02329.JPG,DSC04639.JPG,644
37.4784,DSC02330.JPG,DSC04640.JPG,645
38.912,DSC02331.JPG,DSC04641.JPG,646
40.1408,DSC02332.JPG,DSC04642.JPG,647
41.5744,DSC02333.JPG,DSC04643.JPG,648
43.008,DSC02334.JPG,DSC04644.JPG,649
44.4416,DSC02335.JPG,DSC04645.JPG,650
45.6704,DSC02336.JPG,DSC04646.JPG,651
47.3088,DSC02337.JPG,DSC04647.JPG,652
48.5376,DSC02338.JPG,DSC04648.JPG,653
49.9712,DSC02339.JPG,DSC04649.JPG,654
50.9952,DSC02340.JPG,DSC04650.JPG,655
51.8144,DSC02341.JPG,DSC04651.JPG,656
52.8384,DSC02342.JPG,DSC04652.JPG,657
53.8624,DSC02343.JPG,DSC04653.JPG,658
54.4768,DSC02344.JPG,DSC04654.JPG,659
54.4768,DSC02345.JPG,DSC04655.JPG,660
57.1392,DSC02346.JPG,DSC04656.JPG,661
60.2112,DSC02347.JPG,DSC04657.JPG,662
61.44,DSC02348.JPG,DSC04658.JPG,663
63.0784,DSC02349.JPG,DSC04659.JPG,664
65.3312,DSC02350.JPG,DSC04660.JPG,665
67.3792,DSC02351.JPG,DSC04661.JPG,666
69.0176,DSC02352.JPG,DSC04662.JPG,667
70.656,DSC02353.JPG,DSC04663.JPG,668
72.2944,DSC02354.JPG,DSC04664.JPG,669
73.9328,DSC02355.JPG,DSC04665.JPG,670
75.3664,DSC02356.JPG,DSC04666.JPG,671
76.1856,DSC02357.JPG,DSC04667.JPG,672
77.0048,DSC02358.JPG,DSC04668.JPG,673
78.0288,DSC02359.JPG,DSC04669.JPG,674
78.848,DSC02360.JPG,DSC04670.JPG,675
81.1008,DSC02361.JPG,DSC04671.JPG,676
83.3536,DSC02362.JPG,DSC04672.JPG,677
85.1968,DSC02363.JPG,DSC04673.JPG,678
87.2448,DSC02364.JPG,DSC04674.JPG,679
88.4736,DSC02365.JPG,DSC04675.JPG,680
90.3168,DSC02366.JPG,DSC04676.JPG,681
91.9552,DSC02367.JPG,DSC04677.JPG,682
94.208,DSC02368.JPG,DSC04678.JPG,683
95.8464,DSC02369.JPG,DSC04679.JPG,684
97.28,DSC02370.JPG,DSC04680.JPG,685
98.304,DSC02371.JPG,DSC04681.JPG,686
99.5328,DSC02372.JPG,DSC04682.JPG,687
100.557,DSC02373.JPG,DSC04683.JPG,688
101.376,DSC02374.JPG,DSC04684.JPG,689
101.581,DSC02375.JPG,DSC04685.JPG,690
102.81,DSC02376.JPG,DSC04686.JPG,691
104.038,DSC02377.JPG,DSC04687.JPG,692
104.243,DSC02378.JPG,DSC04688.JPG,693
106.291,DSC02379.JPG,DSC04689.JPG,694
108.339,DSC02380.JPG,DSC04690.JPG,695
108.339,DSC02381.JPG,DSC04691.JPG,696
6.144,DSC02382.JPG,DSC04692.JPG,697
6.7584,DSC02383.JPG,DSC04693.JPG,698
8.3968,DSC02384.JPG,DSC04694.JPG,699
10.24,DSC02385.JPG,DSC04695.JPG,700
12.0832,DSC02386.JPG,DSC04696.JPG,701
13.7216,DSC02387.JPG,DSC04697.JPG,702
15.5648,DSC02388.JPG,DSC04698.JPG,703
16.9984,DSC02389.JPG,DSC04699.JPG,704
18.2272,DSC02390.JPG,DSC04700.JPG,705
20.0704,DSC02391.JPG,DSC04701.JPG,706
21.9136,DSC02392.JPG,DSC04702.JPG,707
23.3472,DSC02393.JPG,DSC04703.JPG,708
24.576,DSC02394.JPG,DSC04704.JPG,709
24.576,DSC02395.JPG,DSC04705.JPG,710
26.4192,DSC02396.JPG,DSC04706.JPG,711
28.8768,DSC02397.JPG,DSC04707.JPG,712
31.1296,DSC02398.JPG,DSC04708.JPG,713
32.768,DSC02399.JPG,DSC04709.JPG,714
34.816,DSC02400.JPG,DSC04710.JPG,715
36.4544,DSC02401.JPG,DSC04711.JPG,716
38.0928,DSC02402.JPG,DSC04712.JPG,717
39.3216,DSC02403.JPG,DSC04713.JPG,718
40.5504,DSC02404.JPG,DSC04714.JPG,719
41.7792,DSC02405.JPG,DSC04715.JPG,720
43.008,DSC02406.JPG,DSC04716.JPG,721
44.032,DSC02407.JPG,DSC04717.JPG,722
45.4656,DSC02408.JPG,DSC04718.JPG,723
46.6944,DSC02409.JPG,DSC04719.JPG,724
47.9232,DSC02410.JPG,DSC04720.JPG,725
49.9712,DSC02411.JPG,DSC04721.JPG,726
52.0192,DSC02412.JPG,DSC04722.JPG,727
54.0672,DSC02413.JPG,DSC04723.JPG,728
55.296,DSC02414.JPG,DSC04724.JPG,729
56.7296,DSC02415.JPG,DSC04725.JPG,730
58.368,DSC02416.JPG,DSC04726.JPG,731
59.8016,DSC02417.JPG,DSC04727.JPG,732
61.6448,DSC02418.JPG,DSC04728.JPG,733
62.6688,DSC02419.JPG,DSC04729.JPG,734
63.488,DSC02420.JPG,DSC04730.JPG,735
64.9216,DSC02421.JPG,DSC04731.JPG,736
65.9456,DSC02422.JPG,DSC04732.JPG,737
66.3552,DSC02423.JPG,DSC04733.JPG,738
67.3792,DSC02424.JPG,DSC04734.JPG,739
68.608,DSC02425.JPG,DSC04735.JPG,740
68.4032,DSC02426.JPG,DSC04736.JPG,741
70.656,DSC02427.JPG,DSC04737.JPG,742
72.2944,DSC02428.JPG,DSC04738.JPG,743
74.1376,DSC02429.JPG,DSC04739.JPG,744
75.776,DSC02430.JPG,DSC04740.JPG,745
77.824,DSC02431.JPG,DSC04741.JPG,746
79.0528,DSC02432.JPG,DSC04742.JPG,747
80.6912,DSC02433.JPG,DSC04743.JPG,748
81.92,DSC02434.JPG,DSC04744.JPG,749
83.3536,DSC02435.JPG,DSC04745.JPG,750
84.3776,DSC02436.JPG,DSC04746.JPG,751
85.4016,DSC02437.JPG,DSC04747.JPG,752
87.2448,DSC02438.JPG,DSC04748.JPG,753
88.2688,DSC02439.JPG,DSC04749.JPG,754
89.2928,DSC02440.JPG,DSC04750.JPG,755
90.5216,DSC02441.JPG,DSC04751.JPG,756
90.9312,DSC02442.JPG,DSC04752.JPG,757
91.136,DSC02443.JPG,DSC04753.JPG,758
92.7744,DSC02444.JPG,DSC04754.JPG,759
94.0032,DSC02445.JPG,DSC04755.JPG,760
95.232,DSC02446.JPG,DSC04756.JPG,761
96.4608,DSC02447.JPG,DSC04757.JPG,762
97.6896,DSC02448.JPG,DSC04758.JPG,763
98.7136,DSC02449.JPG,DSC04759.JPG,764
99.5328,DSC02450.JPG,DSC04760.JPG,765
100.557,DSC02451.JPG,DSC04761.JPG,766
101.581,DSC02452.JPG,DSC04762.JPG,767
103.629,DSC02453.JPG,DSC04763.JPG,768
105.267,DSC02454.JPG,DSC04764.JPG,769
106.291,DSC02455.JPG,DSC04765.JPG,770
107.11,DSC02456.JPG,DSC04766.JPG,771
108.134,DSC02457.JPG,DSC04767.JPG,772
107.93,DSC02458.JPG,DSC04768.JPG,773
7.3728,DSC02459.JPG,DSC04769.JPG,774
8.3968,DSC02460.JPG,DSC04770.JPG,775
10.6496,DSC02461.JPG,DSC04771.JPG,776
13.312,DSC02462.JPG,DSC04772.JPG,777
15.36,DSC02463.JPG,DSC04773.JPG,778
17.2032,DSC02464.JPG,DSC04774.JPG,779
19.0464,DSC02465.JPG,DSC04775.JPG,780
21.504,DSC02466.JPG,DSC04776.JPG,781
23.552,DSC02467.JPG,DSC04777.JPG,782
25.6,DSC02468.JPG,DSC04778.JPG,783
27.0336,DSC02469.JPG,DSC04779.JPG,784
29.0816,DSC02470.JPG,DSC04780.JPG,785
30.9248,DSC02471.JPG,DSC04781.JPG,786
32.9728,DSC02472.JPG,DSC04782.JPG,787
35.0208,DSC02473.JPG,DSC04783.JPG,788
36.864,DSC02474.JPG,DSC04784.JPG,789
38.912,DSC02475.JPG,DSC04785.JPG,790
40.5504,DSC02476.JPG,DSC04786.JPG,791
42.1888,DSC02477.JPG,DSC04787.JPG,792
43.6224,DSC02478.JPG,DSC04788.JPG,793
45.056,DSC02479.JPG,DSC04789.JPG,794
46.4896,DSC02480.JPG,DSC04790.JPG,795
48.5376,DSC02481.JPG,DSC04791.JPG,796
48.5376,DSC02482.JPG,DSC04792.JPG,797
51.6096,DSC02483.JPG,DSC04793.JPG,798
54.0672,DSC02484.JPG,DSC04794.JPG,799
56.5248,DSC02485.JPG,DSC04795.JPG,800
0.2048,DSC02486.JPG,DSC04796.JPG,801
1.024,DSC02487.JPG,DSC04797.JPG,802
1.8432,DSC02488.JPG,DSC04798.JPG,803
2.2528,DSC02489.JPG,DSC04799.JPG,804
2.6624,DSC02490.JPG,DSC04800.JPG,805
3.072,DSC02491.JPG,DSC04801.JPG,806
3.6864,DSC02492.JPG,DSC04802.JPG,807
4.7104,DSC02493.JPG,DSC04803.JPG,808
5.5296,DSC02494.JPG,DSC04804.JPG,809
6.7584,DSC02495.JPG,DSC04805.JPG,810
7.9872,DSC02496.JPG,DSC04806.JPG,811
9.0112,DSC02497.JPG,DSC04807.JPG,812
10.24,DSC02498.JPG,DSC04808.JPG,813
11.264,DSC02499.JPG,DSC04809.JPG,814
11.0592,DSC02500.JPG,DSC04810.JPG,815
12.6976,DSC02501.JPG,DSC04811.JPG,816
14.336,DSC02502.JPG,DSC04812.JPG,817
15.9744,DSC02503.JPG,DSC04813.JPG,818
18.0224,DSC02504.JPG,DSC04814.JPG,819
19.6608,DSC02505.JPG,DSC04815.JPG,820
21.504,DSC02506.JPG,DSC04816.JPG,821
22.7328,DSC02507.JPG,DSC04817.JPG,822
24.576,DSC02508.JPG,DSC04818.JPG,823
25.6,DSC02509.JPG,DSC04819.JPG,824
26.4192,DSC02510.JPG,DSC04820.JPG,825
26.2144,DSC02511.JPG,DSC04821.JPG,826
28.8768,DSC02512.JPG,DSC04822.JPG,827
30.9248,DSC02513.JPG,DSC04823.JPG,828
32.9728,DSC02514.JPG,DSC04824.JPG,829
34.4064,DSC02515.JPG,DSC04825.JPG,830
36.2496,DSC02516.JPG,DSC04826.JPG,831
38.0928,DSC02517.JPG,DSC04827.JPG,832
39.5264,DSC02518.JPG,DSC04828.JPG,833
41.1648,DSC02519.JPG,DSC04829.JPG,834
42.3936,DSC02520.JPG,DSC04830.JPG,835
44.2368,DSC02521.JPG,DSC04831.JPG,836
45.4656,DSC02522.JPG,DSC04832.JPG,837
46.4896,DSC02523.JPG,DSC04833.JPG,838
47.5136,DSC02524.JPG,DSC04834.JPG,839
48.128,DSC02525.JPG,DSC04835.JPG,840
48.3328,DSC02526.JPG,DSC04836.JPG,841
48.3328,DSC02527.JPG,DSC04837.JPG,842
50.176,DSC02528.JPG,DSC04838.JPG,843
52.6336,DSC02529.JPG,DSC04839.JPG,844
53.8624,DSC02530.JPG,DSC04840.JPG,845
55.5008,DSC02531.JPG,DSC04841.JPG,846
57.344,DSC02532.JPG,DSC04842.JPG,847
58.7776,DSC02533.JPG,DSC04843.JPG,848
60.2112,DSC02534.JPG,DSC04844.JPG,849
61.44,DSC02535.JPG,DSC04845.JPG,850
62.6688,DSC02536.JPG,DSC04846.JPG,851
63.8976,DSC02537.JPG,DSC04847.JPG,852
65.1264,DSC02538.JPG,DSC04848.JPG,853
66.3552,DSC02539.JPG,DSC04849.JPG,854
67.1744,DSC02540.JPG,DSC04850.JPG,855
68.1984,DSC02541.JPG,DSC04851.JPG,856
69.4272,DSC02542.JPG,DSC04852.JPG,857
70.656,DSC02543.JPG,DSC04853.JPG,858
70.4512,DSC02544.JPG,DSC04854.JPG,859
72.0896,DSC02545.JPG,DSC04855.JPG,860
73.728,DSC02546.JPG,DSC04856.JPG,861
74.752,DSC02547.JPG,DSC04857.JPG,862
75.9808,DSC02548.JPG,DSC04858.JPG,863
77.824,DSC02549.JPG,DSC04859.JPG,864
80.0768,DSC02550.JPG,DSC04860.JPG,865
81.92,DSC02551.JPG,DSC04861.JPG,866
83.968,DSC02552.JPG,DSC04862.JPG,867
85.8112,DSC02553.JPG,DSC04863.JPG,868
87.6544,DSC02554.JPG,DSC04864.JPG,869
90.112,DSC02555.JPG,DSC04865.JPG,870
91.7504,DSC02556.JPG,DSC04866.JPG,871
92.9792,DSC02557.JPG,DSC04867.JPG,872
94.4128,DSC02558.JPG,DSC04868.JPG,873
95.0272,DSC02559.JPG,DSC04869.JPG,874
94.8224,DSC02560.JPG,DSC04870.JPG,875
97.0752,DSC02561.JPG,DSC04871.JPG,876
98.5088,DSC02562.JPG,DSC04872.JPG,877
100.352,DSC02563.JPG,DSC04873.JPG,878
101.99,DSC02564.JPG,DSC04874.JPG,879
103.424,DSC02565.JPG,DSC04875.JPG,880
103.834,DSC02566.JPG,DSC04876.JPG,881
105.472,DSC02567.JPG,DSC04877.JPG,882
107.52,DSC02568.JPG,DSC04878.JPG,883
109.363,DSC02569.JPG,DSC04879.JPG,884
110.797,DSC02570.JPG,DSC04880.JPG,885
110.592,DSC02571.JPG,DSC04881.JPG,886
20.0704,DSC02572.JPG,DSC04882.JPG,887
8.6016,DSC02573.JPG,DSC04883.JPG,888
8.8064,DSC02574.JPG,DSC04884.JPG,889
11.0592,DSC02575.JPG,DSC04885.JPG,890
13.312,DSC02576.JPG,DSC04886.JPG,891
15.1552,DSC02577.JPG,DSC04887.JPG,892
17.2032,DSC02578.JPG,DSC04888.JPG,893
19.0464,DSC02579.JPG,DSC04889.JPG,894
20.48,DSC02580.JPG,DSC04890.JPG,895
22.528,DSC02581.JPG,DSC04891.JPG,896
24.1664,DSC02582.JPG,DSC04892.JPG,897
25.6,DSC02583.JPG,DSC04893.JPG,898
26.8288,DSC02584.JPG,DSC04894.JPG,899
28.4672,DSC02585.JPG,DSC04895.JPG,900
28.4672,DSC02586.JPG,DSC04896.JPG,901
31.3344,DSC02587.JPG,DSC04897.JPG,902
33.3824,DSC02588.JPG,DSC04898.JPG,903
35.4304,DSC02589.JPG,DSC04899.JPG,904
37.0688,DSC02590.JPG,DSC04900.JPG,905
38.2976,DSC02591.JPG,DSC04901.JPG,906
38.2976,DSC02592.JPG,DSC04902.JPG,907
39.7312,DSC02593.JPG,DSC04903.JPG,908
40.7552,DSC02594.JPG,DSC04904.JPG,909
42.1888,DSC02595.JPG,DSC04905.JPG,910
43.4176,DSC02596.JPG,DSC04906.JPG,911
44.4416,DSC02597.JPG,DSC04907.JPG,912
45.8752,DSC02598.JPG,DSC04908.JPG,913
47.104,DSC02599.JPG,DSC04909.JPG,914
48.3328,DSC02600.JPG,DSC04910.JPG,915
49.5616,DSC02601.JPG,DSC04911.JPG,916
50.7904,DSC02602.JPG,DSC04912.JPG,917
51.2,DSC02603.JPG,DSC04913.JPG,918
50.9952,DSC02604.JPG,DSC04914.JPG,919
53.0432,DSC02605.JPG,DSC04915.JPG,920
55.5008,DSC02606.JPG,DSC04916.JPG,921
57.7536,DSC02607.JPG,DSC04917.JPG,922
60.2112,DSC02608.JPG,DSC04918.JPG,923
61.6448,DSC02609.JPG,DSC04919.JPG,924
63.2832,DSC02610.JPG,DSC04920.JPG,925
64.3072,DSC02611.JPG,DSC04921.JPG,926
65.7408,DSC02612.JPG,DSC04922.JPG,927
66.9696,DSC02613.JPG,DSC04923.JPG,928
68.1984,DSC02614.JPG,DSC04924.JPG,929
69.632,DSC02615.JPG,DSC04925.JPG,930
70.2464,DSC02616.JPG,DSC04926.JPG,931
71.2704,DSC02617.JPG,DSC04927.JPG,932
72.4992,DSC02618.JPG,DSC04928.JPG,933
73.1136,DSC02619.JPG,DSC04929.JPG,934
73.9328,DSC02620.JPG,DSC04930.JPG,935
73.9328,DSC02621.JPG,DSC04931.JPG,936
75.5712,DSC02622.JPG,DSC04932.JPG,937
76.8,DSC02623.JPG,DSC04933.JPG,938
78.4384,DSC02624.JPG,DSC04934.JPG,939
80.2816,DSC02625.JPG,DSC04935.JPG,940
82.944,DSC02626.JPG,DSC04936.JPG,941
84.5824,DSC02627.JPG,DSC04937.JPG,942
86.4256,DSC02628.JPG,DSC04938.JPG,943
88.064,DSC02629.JPG,DSC04939.JPG,944
89.4976,DSC02630.JPG,DSC04940.JPG,945
90.5216,DSC02631.JPG,DSC04941.JPG,946
92.3648,DSC02632.JPG,DSC04942.JPG,947
93.5936,DSC02633.JPG,DSC04943.JPG,948
95.0272,DSC02634.JPG,DSC04944.JPG,949
96.4608,DSC02635.JPG,DSC04945.JPG,950
97.4848,DSC02636.JPG,DSC04946.JPG,951
98.0992,DSC02637.JPG,DSC04947.JPG,952
99.328,DSC02638.JPG,DSC04948.JPG,953
99.1232,DSC02639.JPG,DSC04949.JPG,954
101.171,DSC02640.JPG,DSC04950.JPG,955
102.81,DSC02641.JPG,DSC04951.JPG,956
104.448,DSC02642.JPG,DSC04952.JPG,957
105.882,DSC02643.JPG,DSC04953.JPG,958
106.906,DSC02644.JPG,DSC04954.JPG,959
107.93,DSC02645.JPG,DSC04955.JPG,960
108.749,DSC02646.JPG,DSC04956.JPG,961
108.954,DSC02647.JPG,DSC04957.JPG,962
21.9136,DSC02648.JPG,DSC04958.JPG,963
6.7584,DSC02649.JPG,DSC04959.JPG,964
6.9632,DSC02650.JPG,DSC04960.JPG,965
8.8064,DSC02651.JPG,DSC04961.JPG,966
12.0832,DSC02652.JPG,DSC04962.JPG,967
14.7456,DSC02653.JPG,DSC04963.JPG,968
16.384,DSC02654.JPG,DSC04964.JPG,969
17.8176,DSC02655.JPG,DSC04965.JPG,970
19.6608,DSC02656.JPG,DSC04966.JPG,971
20.8896,DSC02657.JPG,DSC04967.JPG,972
22.1184,DSC02658.JPG,DSC04968.JPG,973
23.3472,DSC02659.JPG,DSC04969.JPG,974
24.3712,DSC02660.JPG,DSC04970.JPG,975
25.3952,DSC02661.JPG,DSC04971.JPG,976
26.2144,DSC02662.JPG,DSC04972.JPG,977
26.2144,DSC02663.JPG,DSC04973.JPG,978
26.0096,DSC02664.JPG,DSC04974.JPG,979
27.8528,DSC02665.JPG,DSC04975.JPG,980
31.5392,DSC02666.JPG,DSC04976.JPG,981
31.9488,DSC02667.JPG,DSC04977.JPG,982
33.9968,DSC02668.JPG,DSC04978.JPG,983
35.6352,DSC02669.JPG,DSC04979.JPG,984
36.864,DSC02670.JPG,DSC04980.JPG,985
37.6832,DSC02671.JPG,DSC04981.JPG,986
38.912,DSC02672.JPG,DSC04982.JPG,987
40.3456,DSC02673.JPG,DSC04983.JPG,988
42.5984,DSC02674.JPG,DSC04984.JPG,989
43.8272,DSC02675.JPG,DSC04985.JPG,990
44.4416,DSC02676.JPG,DSC04986.JPG,991
45.056,DSC02677.JPG,DSC04987.JPG,992
46.2848,DSC02678.JPG,DSC04988.JPG,993
47.104,DSC02679.JPG,DSC04989.JPG,994
47.5136,DSC02680.JPG,DSC04990.JPG,995
49.5616,DSC02681.JPG,DSC04991.JPG,996
51.2,DSC02682.JPG,DSC04992.JPG,997
52.6336,DSC02683.JPG,DSC04993.JPG,998
54.6816,DSC02684.JPG,DSC04994.JPG,999
55.7056,DSC02685.JPG,DSC04995.JPG,1000
0.2048,DSC02686.JPG,DSC04996.JPG,1001
0.1,DSC02687.JPG,DSC04997.JPG,1002
0.2048,DSC02688.JPG,DSC04998.JPG,1003
0.6144,DSC02689.JPG,DSC04999.JPG,1004
0.8192,DSC02690.JPG,DSC05000.JPG,1005
1.024,DSC02691.JPG,DSC05001.JPG,1006
1.024,DSC02692.JPG,DSC05002.JPG,1007
1.024,DSC02693.JPG,DSC05003.JPG,1008
1.4336,DSC02694.JPG,DSC05004.JPG,1009
1.8432,DSC02695.JPG,DSC05005.JPG,1010
2.6624,DSC02696.JPG,DSC05006.JPG,1011
3.4816,DSC02697.JPG,DSC05007.JPG,1012
3.6864,DSC02698.JPG,DSC05008.JPG,1013
4.3008,DSC02699.JPG,DSC05009.JPG,1014
5.5296,DSC02700.JPG,DSC05010.JPG,1015
6.7584,DSC02701.JPG,DSC05011.JPG,1016
8.6016,DSC02702.JPG,DSC05012.JPG,1017
10.24,DSC02703.JPG,DSC05013.JPG,1018
11.4688,DSC02704.JPG,DSC05014.JPG,1019
12.288,DSC02705.JPG,DSC05015.JPG,1020
13.312,DSC02706.JPG,DSC05016.JPG,1021
13.5168,DSC02707.JPG,DSC05017.JPG,1022
15.5648,DSC02708.JPG,DSC05018.JPG,1023
18.432,DSC02709.JPG,DSC05019.JPG,1024
20.8896,DSC02710.JPG,DSC05020.JPG,1025
22.7328,DSC02711.JPG,DSC05021.JPG,1026
25.1904,DSC02712.JPG,DSC05022.JPG,1027
27.648,DSC02713.JPG,DSC05023.JPG,1028
29.9008,DSC02714.JPG,DSC05024.JPG,1029
31.744,DSC02715.JPG,DSC05025.JPG,1030
32.3584,DSC02716.JPG,DSC05026.JPG,1031
32.1536,DSC02717.JPG,DSC05027.JPG,1032
35.6352,DSC02718.JPG,DSC05028.JPG,1033
38.7072,DSC02719.JPG,DSC05029.JPG,1034
41.3696,DSC02720.JPG,DSC05030.JPG,1035
44.2368,DSC02721.JPG,DSC05031.JPG,1036
44.032,DSC02722.JPG,DSC05032.JPG,1037
46.08,DSC02723.JPG,DSC05033.JPG,1038
47.5136,DSC02724.JPG,DSC05034.JPG,1039
49.7664,DSC02725.JPG,DSC05035.JPG,1040
50.9952,DSC02726.JPG,DSC05036.JPG,1041
50.7904,DSC02727.JPG,DSC05037.JPG,1042
53.6576,DSC02728.JPG,DSC05038.JPG,1043
55.9104,DSC02729.JPG,DSC05039.JPG,1044
57.9584,DSC02730.JPG,DSC05040.JPG,1045
60.0064,DSC02731.JPG,DSC05041.JPG,1046
59.8016,DSC02732.JPG,DSC05042.JPG,1047
61.44,DSC02733.JPG,DSC05043.JPG,1048
63.0784,DSC02734.JPG,DSC05044.JPG,1049
64.512,DSC02735.JPG,DSC05045.JPG,1050
64.512,DSC02736.JPG,DSC05046.JPG,1051
65.9456,DSC02737.JPG,DSC05047.JPG,1052
67.1744,DSC02738.JPG,DSC05048.JPG,1053
68.608,DSC02739.JPG,DSC05049.JPG,1054
70.2464,DSC02740.JPG,DSC05050.JPG,1055
71.4752,DSC02741.JPG,DSC05051.JPG,1056
72.0896,DSC02742.JPG,DSC05052.JPG,1057
73.3184,DSC02743.JPG,DSC05053.JPG,1058
73.1136,DSC02744.JPG,DSC05054.JPG,1059
76.3904,DSC02745.JPG,DSC05055.JPG,1060
78.0288,DSC02746.JPG,DSC05056.JPG,1061
79.4624,DSC02747.JPG,DSC05057.JPG,1062
81.5104,DSC02748.JPG,DSC05058.JPG,1063
82.944,DSC02749.JPG,DSC05059.JPG,1064
84.992,DSC02750.JPG,DSC05060.JPG,1065
86.2208,DSC02751.JPG,DSC05061.JPG,1066
87.6544,DSC02752.JPG,DSC05062.JPG,1067
89.088,DSC02753.JPG,DSC05063.JPG,1068
90.3168,DSC02754.JPG,DSC05064.JPG,1069
91.3408,DSC02755.JPG,DSC05065.JPG,1070
94.208,DSC02756.JPG,DSC05066.JPG,1071
96.4608,DSC02757.JPG,DSC05067.JPG,1072
99.1232,DSC02758.JPG,DSC05068.JPG,1073
101.171,DSC02759.JPG,DSC05069.JPG,1074
103.014,DSC02760.JPG,DSC05070.JPG,1075
104.653,DSC02761.JPG,DSC05071.JPG,1076
106.086,DSC02762.JPG,DSC05072.JPG,1077
107.52,DSC02763.JPG,DSC05073.JPG,1078
107.315,DSC02764.JPG,DSC05074.JPG,1079
85.1968,DSC02765.JPG,DSC05075.JPG,1080
10.6496,DSC02766.JPG,DSC05076.JPG,1081
10.8544,DSC02767.JPG,DSC05077.JPG,1082
13.1072,DSC02768.JPG,DSC05078.JPG,1083
15.1552,DSC02769.JPG,DSC05079.JPG,1084
17.2032,DSC02770.JPG,DSC05080.JPG,1085
19.456,DSC02771.JPG,DSC05081.JPG,1086
21.9136,DSC02772.JPG,DSC05082.JPG,1087
23.9616,DSC02773.JPG,DSC05083.JPG,1088
26.0096,DSC02774.JPG,DSC05084.JPG,1089
27.648,DSC02775.JPG,DSC05085.JPG,1090
29.2864,DSC02776.JPG,DSC05086.JPG,1091
30.72,DSC02777.JPG,DSC05087.JPG,1092
31.744,DSC02778.JPG,DSC05088.JPG,1093
32.768,DSC02779.JPG,DSC05089.JPG,1094
32.768,DSC02780.JPG,DSC05090.JPG,1095
32.768,DSC02781.JPG,DSC05091.JPG,1096
35.4304,DSC02782.JPG,DSC05092.JPG,1097
37.2736,DSC02783.JPG,DSC05093.JPG,1098
38.912,DSC02784.JPG,DSC05094.JPG,1099
40.7552,DSC02785.JPG,DSC05095.JPG,1100
42.5984,DSC02786.JPG,DSC05096.JPG,1101
44.6464,DSC02787.JPG,DSC05097.JPG,1102
46.08,DSC02788.JPG,DSC05098.JPG,1103
47.5136,DSC02789.JPG,DSC05099.JPG,1104
49.5616,DSC02790.JPG,DSC05100.JPG,1105
50.3808,DSC02791.JPG,DSC05101.JPG,1106
51.8144,DSC02792.JPG,DSC05102.JPG,1107
52.8384,DSC02793.JPG,DSC05103.JPG,1108
53.6576,DSC02794.JPG,DSC05104.JPG,1109
54.4768,DSC02795.JPG,DSC05105.JPG,1110
55.296,DSC02796.JPG,DSC05106.JPG,1111
56.1152,DSC02797.JPG,DSC05107.JPG,1112
56.1152,DSC02798.JPG,DSC05108.JPG,1113
58.9824,DSC02799.JPG,DSC05109.JPG,1114
61.2352,DSC02800.JPG,DSC05110.JPG,1115
63.2832,DSC02801.JPG,DSC05111.JPG,1116
64.7168,DSC02802.JPG,DSC05112.JPG,1117
66.56,DSC02803.JPG,DSC05113.JPG,1118
68.1984,DSC02804.JPG,DSC05114.JPG,1119
69.632,DSC02805.JPG,DSC05115.JPG,1120
71.2704,DSC02806.JPG,DSC05116.JPG,1121
72.9088,DSC02807.JPG,DSC05117.JPG,1122
74.1376,DSC02808.JPG,DSC05118.JPG,1123
75.3664,DSC02809.JPG,DSC05119.JPG,1124
76.5952,DSC02810.JPG,DSC05120.JPG,1125
78.0288,DSC02811.JPG,DSC05121.JPG,1126
78.848,DSC02812.JPG,DSC05122.JPG,1127
80.0768,DSC02813.JPG,DSC05123.JPG,1128
80.0768,DSC02814.JPG,DSC05124.JPG,1129
85.4016,DSC02815.JPG,DSC05125.JPG,1130
87.8592,DSC02816.JPG,DSC05126.JPG,1131
90.112,DSC02817.JPG,DSC05127.JPG,1132
91.9552,DSC02818.JPG,DSC05128.JPG,1133
93.3888,DSC02819.JPG,DSC05129.JPG,1134
95.4368,DSC02820.JPG,DSC05130.JPG,1135
96.6656,DSC02821.JPG,DSC05131.JPG,1136
97.8944,DSC02822.JPG,DSC05132.JPG,1137
98.9184,DSC02823.JPG,DSC05133.JPG,1138
100.147,DSC02824.JPG,DSC05134.JPG,1139
101.581,DSC02825.JPG,DSC05135.JPG,1140
102.605,DSC02826.JPG,DSC05136.JPG,1141
102.605,DSC02827.JPG,DSC05137.JPG,1142
104.243,DSC02828.JPG,DSC05138.JPG,1143
106.086,DSC02829.JPG,DSC05139.JPG,1144
107.52,DSC02830.JPG,DSC05140.JPG,1145
108.749,DSC02831.JPG,DSC05141.JPG,1146
109.978,DSC02832.JPG,DSC05142.JPG,1147
109.773,DSC02833.JPG,DSC05143.JPG,1148
109.773,DSC02834.JPG,DSC05144.JPG,1149
7.9872,DSC02835.JPG,DSC05145.JPG,1150
8.3968,DSC02836.JPG,DSC05146.JPG,1151
10.4448,DSC02837.JPG,DSC05147.JPG,1152
12.9024,DSC02838.JPG,DSC05148.JPG,1153
15.5648,DSC02839.JPG,DSC05149.JPG,1154
17.6128,DSC02840.JPG,DSC05150.JPG,1155
19.0464,DSC02841.JPG,DSC05151.JPG,1156
21.0944,DSC02842.JPG,DSC05152.JPG,1157
23.1424,DSC02843.JPG,DSC05153.JPG,1158
24.7808,DSC02844.JPG,DSC05154.JPG,1159
26.2144,DSC02845.JPG,DSC05155.JPG,1160
29.0816,DSC02846.JPG,DSC05156.JPG,1161
31.9488,DSC02847.JPG,DSC05157.JPG,1162
33.792,DSC02848.JPG,DSC05158.JPG,1163
35.6352,DSC02849.JPG,DSC05159.JPG,1164
36.864,DSC02850.JPG,DSC05160.JPG,1165
38.0928,DSC02851.JPG,DSC05161.JPG,1166
39.3216,DSC02852.JPG,DSC05162.JPG,1167
40.96,DSC02853.JPG,DSC05163.JPG,1168
41.7792,DSC02854.JPG,DSC05164.JPG,1169
43.008,DSC02855.JPG,DSC05165.JPG,1170
44.4416,DSC02856.JPG,DSC05166.JPG,1171
45.4656,DSC02857.JPG,DSC05167.JPG,1172
46.2848,DSC02858.JPG,DSC05168.JPG,1173
46.8992,DSC02859.JPG,DSC05169.JPG,1174
47.5136,DSC02860.JPG,DSC05170.JPG,1175
48.128,DSC02861.JPG,DSC05171.JPG,1176
49.7664,DSC02862.JPG,DSC05172.JPG,1177
51.6096,DSC02863.JPG,DSC05173.JPG,1178
54.272,DSC02864.JPG,DSC05174.JPG,1179
56.1152,DSC02865.JPG,DSC05175.JPG,1180
58.1632,DSC02866.JPG,DSC05176.JPG,1181
59.8016,DSC02867.JPG,DSC05177.JPG,1182
61.6448,DSC02868.JPG,DSC05178.JPG,1183
63.0784,DSC02869.JPG,DSC05179.JPG,1184
64.512,DSC02870.JPG,DSC05180.JPG,1185
65.536,DSC02871.JPG,DSC05181.JPG,1186
66.7648,DSC02872.JPG,DSC05182.JPG,1187
67.584,DSC02873.JPG,DSC05183.JPG,1188
68.4032,DSC02874.JPG,DSC05184.JPG,1189
69.2224,DSC02875.JPG,DSC05185.JPG,1190
70.0416,DSC02876.JPG,DSC05186.JPG,1191
70.4512,DSC02877.JPG,DSC05187.JPG,1192
70.2464,DSC02878.JPG,DSC05188.JPG,1193
73.1136,DSC02879.JPG,DSC05189.JPG,1194
76.8,DSC02880.JPG,DSC05190.JPG,1195
78.6432,DSC02881.JPG,DSC05191.JPG,1196
80.0768,DSC02882.JPG,DSC05192.JPG,1197
81.5104,DSC02883.JPG,DSC05193.JPG,1198
82.7392,DSC02884.JPG,DSC05194.JPG,1199
83.5584,DSC02885.JPG,DSC05195.JPG,1200
0.8192,DSC02886.JPG,DSC05196.JPG,1201
2.6624,DSC02887.JPG,DSC05197.JPG,1202
3.072,DSC02888.JPG,DSC05198.JPG,1203
3.6864,DSC02889.JPG,DSC05199.JPG,1204
4.5056,DSC02890.JPG,DSC05200.JPG,1205
5.12,DSC02891.JPG,DSC05201.JPG,1206
5.3248,DSC02892.JPG,DSC05202.JPG,1207
5.9392,DSC02893.JPG,DSC05203.JPG,1208
6.7584,DSC02894.JPG,DSC05204.JPG,1209
7.3728,DSC02895.JPG,DSC05205.JPG,1210
8.192,DSC02896.JPG,DSC05206.JPG,1211
9.0112,DSC02897.JPG,DSC05207.JPG,1212
9.8304,DSC02898.JPG,DSC05208.JPG,1213
10.4448,DSC02899.JPG,DSC05209.JPG,1214
11.0592,DSC02900.JPG,DSC05210.JPG,1215
11.6736,DSC02901.JPG,DSC05211.JPG,1216
12.4928,DSC02902.JPG,DSC05212.JPG,1217
13.1072,DSC02903.JPG,DSC05213.JPG,1218
14.5408,DSC02904.JPG,DSC05214.JPG,1219
15.7696,DSC02905.JPG,DSC05215.JPG,1220
17.2032,DSC02906.JPG,DSC05216.JPG,1221
18.432,DSC02907.JPG,DSC05217.JPG,1222
19.6608,DSC02908.JPG,DSC05218.JPG,1223
20.6848,DSC02909.JPG,DSC05219.JPG,1224
22.1184,DSC02910.JPG,DSC05220.JPG,1225
23.9616,DSC02911.JPG,DSC05221.JPG,1226
25.1904,DSC02912.JPG,DSC05222.JPG,1227
26.0096,DSC02913.JPG,DSC05223.JPG,1228
27.0336,DSC02914.JPG,DSC05224.JPG,1229
28.0576,DSC02915.JPG,DSC05225.JPG,1230
30.9248,DSC02916.JPG,DSC05226.JPG,1231
32.768,DSC02917.JPG,DSC05227.JPG,1232
34.2016,DSC02918.JPG,DSC05228.JPG,1233
35.84,DSC02919.JPG,DSC05229.JPG,1234
37.2736,DSC02920.JPG,DSC05230.JPG,1235
38.2976,DSC02921.JPG,DSC05231.JPG,1236
39.5264,DSC02922.JPG,DSC05232.JPG,1237
40.5504,DSC02923.JPG,DSC05233.JPG,1238
41.7792,DSC02924.JPG,DSC05234.JPG,1239
43.008,DSC02925.JPG,DSC05235.JPG,1240
43.8272,DSC02926.JPG,DSC05236.JPG,1241
44.6464,DSC02927.JPG,DSC05237.JPG,1242
45.4656,DSC02928.JPG,DSC05238.JPG,1243
47.5136,DSC02929.JPG,DSC05239.JPG,1244
49.5616,DSC02930.JPG,DSC05240.JPG,1245
51.6096,DSC02931.JPG,DSC05241.JPG,1246
53.0432,DSC02932.JPG,DSC05242.JPG,1247
54.272,DSC02933.JPG,DSC05243.JPG,1248
55.7056,DSC02934.JPG,DSC05244.JPG,1249
56.7296,DSC02935.JPG,DSC05245.JPG,1250
57.7536,DSC02936.JPG,DSC05246.JPG,1251
58.7776,DSC02937.JPG,DSC05247.JPG,1252
60.0064,DSC02938.JPG,DSC05248.JPG,1253
60.8256,DSC02939.JPG,DSC05249.JPG,1254
61.6448,DSC02940.JPG,DSC05250.JPG,1255
62.464,DSC02941.JPG,DSC05251.JPG,1256
65.3312,DSC02942.JPG,DSC05252.JPG,1257
67.1744,DSC02943.JPG,DSC05253.JPG,1258
68.8128,DSC02944.JPG,DSC05254.JPG,1259
70.656,DSC02945.JPG,DSC05255.JPG,1260
72.2944,DSC02946.JPG,DSC05256.JPG,1261
73.728,DSC02947.JPG,DSC05257.JPG,1262
75.5712,DSC02948.JPG,DSC05258.JPG,1263
77.2096,DSC02949.JPG,DSC05259.JPG,1264
78.6432,DSC02950.JPG,DSC05260.JPG,1265
79.872,DSC02951.JPG,DSC05261.JPG,1266
80.896,DSC02952.JPG,DSC05262.JPG,1267
81.5104,DSC02953.JPG,DSC05263.JPG,1268
82.3296,DSC02954.JPG,DSC05264.JPG,1269
82.1248,DSC02955.JPG,DSC05265.JPG,1270
83.968,DSC02956.JPG,DSC05266.JPG,1271
84.7872,DSC02957.JPG,DSC05267.JPG,1272
86.8352,DSC02958.JPG,DSC05268.JPG,1273
88.064,DSC02959.JPG,DSC05269.JPG,1274
91.136,DSC02960.JPG,DSC05270.JPG,1275
90.9312,DSC02961.JPG,DSC05271.JPG,1276
92.16,DSC02962.JPG,DSC05272.JPG,1277
93.7984,DSC02963.JPG,DSC05273.JPG,1278
94.8224,DSC02964.JPG,DSC05274.JPG,1279
95.8464,DSC02965.JPG,DSC05275.JPG,1280
97.0752,DSC02966.JPG,DSC05276.JPG,1281
98.304,DSC02967.JPG,DSC05277.JPG,1282
99.1232,DSC02968.JPG,DSC05278.JPG,1283
99.7376,DSC02969.JPG,DSC05279.JPG,1284
100.352,DSC02970.JPG,DSC05280.JPG,1285
100.352,DSC02971.JPG,DSC05281.JPG,1286
102.605,DSC02972.JPG,DSC05282.JPG,1287
104.243,DSC02973.JPG,DSC05283.JPG,1288
106.291,DSC02974.JPG,DSC05284.JPG,1289
107.93,DSC02975.JPG,DSC05285.JPG,1290
109.363,DSC02976.JPG,DSC05286.JPG,1291
111.002,DSC02977.JPG,DSC05287.JPG,1292
13.312,DSC02978.JPG,DSC05288.JPG,1293
9.0112,DSC02979.JPG,DSC05289.JPG,1294
10.6496,DSC02980.JPG,DSC05290.JPG,1295
12.9024,DSC02981.JPG,DSC05291.JPG,1296
14.9504,DSC02982.JPG,DSC05292.JPG,1297
16.7936,DSC02983.JPG,DSC05293.JPG,1298
18.8416,DSC02984.JPG,DSC05294.JPG,1299
20.48,DSC02985.JPG,DSC05295.JPG,1300
21.9136,DSC02986.JPG,DSC05296.JPG,1301
23.1424,DSC02987.JPG,DSC05297.JPG,1302
23.9616,DSC02988.JPG,DSC05298.JPG,1303
24.7808,DSC02989.JPG,DSC05299.JPG,1304
25.1904,DSC02990.JPG,DSC05300.JPG,1305
27.648,DSC02991.JPG,DSC05301.JPG,1306
29.9008,DSC02992.JPG,DSC05302.JPG,1307
31.5392,DSC02993.JPG,DSC05303.JPG,1308
33.5872,DSC02994.JPG,DSC05304.JPG,1309
35.2256,DSC02995.JPG,DSC05305.JPG,1310
36.864,DSC02996.JPG,DSC05306.JPG,1311
38.5024,DSC02997.JPG,DSC05307.JPG,1312
40.1408,DSC02998.JPG,DSC05308.JPG,1313
41.5744,DSC02999.JPG,DSC05309.JPG,1314
43.008,DSC03000.JPG,DSC05310.JPG,1315
44.2368,DSC03001.JPG,DSC05311.JPG,1316
45.2608,DSC03002.JPG,DSC05312.JPG,1317
46.4896,DSC03003.JPG,DSC05313.JPG,1318
47.104,DSC03004.JPG,DSC05314.JPG,1319
48.128,DSC03005.JPG,DSC05315.JPG,1320
50.7904,DSC03006.JPG,DSC05316.JPG,1321
52.6336,DSC03007.JPG,DSC05317.JPG,1322
54.6816,DSC03008.JPG,DSC05318.JPG,1323
56.1152,DSC03009.JPG,DSC05319.JPG,1324
57.5488,DSC03010.JPG,DSC05320.JPG,1325
58.9824,DSC03011.JPG,DSC05321.JPG,1326
60.2112,DSC03012.JPG,DSC05322.JPG,1327
61.2352,DSC03013.JPG,DSC05323.JPG,1328
62.2592,DSC03014.JPG,DSC05324.JPG,1329
63.488,DSC03015.JPG,DSC05325.JPG,1330
64.7168,DSC03016.JPG,DSC05326.JPG,1331
65.9456,DSC03017.JPG,DSC05327.JPG,1332
67.1744,DSC03018.JPG,DSC05328.JPG,1333
68.4032,DSC03019.JPG,DSC05329.JPG,1334
69.2224,DSC03020.JPG,DSC05330.JPG,1335
71.8848,DSC03021.JPG,DSC05331.JPG,1336
74.1376,DSC03022.JPG,DSC05332.JPG,1337
75.776,DSC03023.JPG,DSC05333.JPG,1338
77.824,DSC03024.JPG,DSC05334.JPG,1339
78.848,DSC03025.JPG,DSC05335.JPG,1340
80.2816,DSC03026.JPG,DSC05336.JPG,1341
81.5104,DSC03027.JPG,DSC05337.JPG,1342
82.944,DSC03028.JPG,DSC05338.JPG,1343
84.1728,DSC03029.JPG,DSC05339.JPG,1344
84.7872,DSC03030.JPG,DSC05340.JPG,1345
85.6064,DSC03031.JPG,DSC05341.JPG,1346
88.6784,DSC03032.JPG,DSC05342.JPG,1347
90.5216,DSC03033.JPG,DSC05343.JPG,1348
92.7744,DSC03034.JPG,DSC05344.JPG,1349
94.0032,DSC03035.JPG,DSC05345.JPG,1350
94.4128,DSC03036.JPG,DSC05346.JPG,1351
96.8704,DSC03037.JPG,DSC05347.JPG,1352
99.328,DSC03038.JPG,DSC05348.JPG,1353
100.557,DSC03039.JPG,DSC05349.JPG,1354
101.581,DSC03040.JPG,DSC05350.JPG,1355
102.81,DSC03041.JPG,DSC05351.JPG,1356
103.424,DSC03042.JPG,DSC05352.JPG,1357
104.243,DSC03043.JPG,DSC05353.JPG,1358
105.677,DSC03044.JPG,DSC05354.JPG,1359
106.496,DSC03045.JPG,DSC05355.JPG,1360
107.93,DSC03046.JPG,DSC05356.JPG,1361
109.773,DSC03047.JPG,DSC05357.JPG,1362
110.797,DSC03048.JPG,DSC05358.JPG,1363
35.2256,DSC03049.JPG,DSC05359.JPG,1364
8.192,DSC03050.JPG,DSC05360.JPG,1365
10.24,DSC03051.JPG,DSC05361.JPG,1366
11.8784,DSC03052.JPG,DSC05362.JPG,1367
13.312,DSC03053.JPG,DSC05363.JPG,1368
14.9504,DSC03054.JPG,DSC05364.JPG,1369
16.5888,DSC03055.JPG,DSC05365.JPG,1370
18.432,DSC03056.JPG,DSC05366.JPG,1371
20.0704,DSC03057.JPG,DSC05367.JPG,1372
21.9136,DSC03058.JPG,DSC05368.JPG,1373
23.3472,DSC03059.JPG,DSC05369.JPG,1374
24.576,DSC03060.JPG,DSC05370.JPG,1375
25.8048,DSC03061.JPG,DSC05371.JPG,1376
26.624,DSC03062.JPG,DSC05372.JPG,1377
27.4432,DSC03063.JPG,DSC05373.JPG,1378
29.4912,DSC03064.JPG,DSC05374.JPG,1379
31.5392,DSC03065.JPG,DSC05375.JPG,1380
34.4064,DSC03066.JPG,DSC05376.JPG,1381
36.0448,DSC03067.JPG,DSC05377.JPG,1382
37.888,DSC03068.JPG,DSC05378.JPG,1383
39.7312,DSC03069.JPG,DSC05379.JPG,1384
41.5744,DSC03070.JPG,DSC05380.JPG,1385
42.8032,DSC03071.JPG,DSC05381.JPG,1386
44.032,DSC03072.JPG,DSC05382.JPG,1387
45.2608,DSC03073.JPG,DSC05383.JPG,1388
46.4896,DSC03074.JPG,DSC05384.JPG,1389
47.5136,DSC03075.JPG,DSC05385.JPG,1390
48.3328,DSC03076.JPG,DSC05386.JPG,1391
49.3568,DSC03077.JPG,DSC05387.JPG,1392
49.152,DSC03078.JPG,DSC05388.JPG,1393
53.8624,DSC03079.JPG,DSC05389.JPG,1394
55.296,DSC03080.JPG,DSC05390.JPG,1395
56.9344,DSC03081.JPG,DSC05391.JPG,1396
58.7776,DSC03082.JPG,DSC05392.JPG,1397
60.6208,DSC03083.JPG,DSC05393.JPG,1398
62.2592,DSC03084.JPG,DSC05394.JPG,1399
63.488,DSC03085.JPG,DSC05395.JPG,1400
0.8192,DSC03086.JPG,DSC05396.JPG,1401
1.4336,DSC03087.JPG,DSC05397.JPG,1402
1.6384,DSC03088.JPG,DSC05398.JPG,1403
2.048,DSC03089.JPG,DSC05399.JPG,1404
2.048,DSC03090.JPG,DSC05400.JPG,1405
2.6624,DSC03091.JPG,DSC05401.JPG,1406
4.096,DSC03092.JPG,DSC05402.JPG,1407
5.3248,DSC03093.JPG,DSC05403.JPG,1408
6.3488,DSC03094.JPG,DSC05404.JPG,1409
7.168,DSC03095.JPG,DSC05405.JPG,1410
7.9872,DSC03096.JPG,DSC05406.JPG,1411
9.6256,DSC03097.JPG,DSC05407.JPG,1412
11.4688,DSC03098.JPG,DSC05408.JPG,1413
13.7216,DSC03099.JPG,DSC05409.JPG,1414
15.9744,DSC03100.JPG,DSC05410.JPG,1415
17.6128,DSC03101.JPG,DSC05411.JPG,1416
19.2512,DSC03102.JPG,DSC05412.JPG,1417
20.48,DSC03103.JPG,DSC05413.JPG,1418
21.9136,DSC03104.JPG,DSC05414.JPG,1419
24.3712,DSC03105.JPG,DSC05415.JPG,1420
26.4192,DSC03106.JPG,DSC05416.JPG,1421
28.4672,DSC03107.JPG,DSC05417.JPG,1422
30.3104,DSC03108.JPG,DSC05418.JPG,1423
32.3584,DSC03109.JPG,DSC05419.JPG,1424
34.2016,DSC03110.JPG,DSC05420.JPG,1425
35.84,DSC03111.JPG,DSC05421.JPG,1426
36.6592,DSC03112.JPG,DSC05422.JPG,1427
37.2736,DSC03113.JPG,DSC05423.JPG,1428
38.0928,DSC03114.JPG,DSC05424.JPG,1429
39.3216,DSC03115.JPG,DSC05425.JPG,1430
41.1648,DSC03116.JPG,DSC05426.JPG,1431
43.2128,DSC03117.JPG,DSC05427.JPG,1432
45.056,DSC03118.JPG,DSC05428.JPG,1433
46.4896,DSC03119.JPG,DSC05429.JPG,1434
48.128,DSC03120.JPG,DSC05430.JPG,1435
49.7664,DSC03121.JPG,DSC05431.JPG,1436
50.9952,DSC03122.JPG,DSC05432.JPG,1437
52.224,DSC03123.JPG,DSC05433.JPG,1438
53.4528,DSC03124.JPG,DSC05434.JPG,1439
56.9344,DSC03125.JPG,DSC05435.JPG,1440
59.392,DSC03126.JPG,DSC05436.JPG,1441
61.8496,DSC03127.JPG,DSC05437.JPG,1442
63.8976,DSC03128.JPG,DSC05438.JPG,1443
66.56,DSC03129.JPG,DSC05439.JPG,1444
68.8128,DSC03130.JPG,DSC05440.JPG,1445
70.4512,DSC03131.JPG,DSC05441.JPG,1446
71.8848,DSC03132.JPG,DSC05442.JPG,1447
73.5232,DSC03133.JPG,DSC05443.JPG,1448
74.9568,DSC03134.JPG,DSC05444.JPG,1449
78.0288,DSC03135.JPG,DSC05445.JPG,1450
81.1008,DSC03136.JPG,DSC05446.JPG,1451
83.5584,DSC03137.JPG,DSC05447.JPG,1452
86.016,DSC03138.JPG,DSC05448.JPG,1453
88.4736,DSC03139.JPG,DSC05449.JPG,1454
90.5216,DSC03140.JPG,DSC05450.JPG,1455
92.3648,DSC03141.JPG,DSC05451.JPG,1456
93.7984,DSC03142.JPG,DSC05452.JPG,1457
95.0272,DSC03143.JPG,DSC05453.JPG,1458
97.6896,DSC03144.JPG,DSC05454.JPG,1459
100.352,DSC03145.JPG,DSC05455.JPG,1460
102.605,DSC03146.JPG,DSC05456.JPG,1461
104.858,DSC03147.JPG,DSC05457.JPG,1462
106.701,DSC03148.JPG,DSC05458.JPG,1463
109.158,DSC03149.JPG,DSC05459.JPG,1464
36.6592,DSC03150.JPG,DSC05460.JPG,1465
7.5776,DSC03151.JPG,DSC05461.JPG,1466
7.7824,DSC03152.JPG,DSC05462.JPG,1467
9.6256,DSC03153.JPG,DSC05463.JPG,1468
11.0592,DSC03154.JPG,DSC05464.JPG,1469
13.1072,DSC03155.JPG,DSC05465.JPG,1470
14.7456,DSC03156.JPG,DSC05466.JPG,1471
16.1792,DSC03157.JPG,DSC05467.JPG,1472
18.0224,DSC03158.JPG,DSC05468.JPG,1473
19.6608,DSC03159.JPG,DSC05469.JPG,1474
21.2992,DSC03160.JPG,DSC05470.JPG,1475
23.3472,DSC03161.JPG,DSC05471.JPG,1476
24.9856,DSC03162.JPG,DSC05472.JPG,1477
26.0096,DSC03163.JPG,DSC05473.JPG,1478
27.2384,DSC03164.JPG,DSC05474.JPG,1479
28.2624,DSC03165.JPG,DSC05475.JPG,1480
30.5152,DSC03166.JPG,DSC05476.JPG,1481
32.3584,DSC03167.JPG,DSC05477.JPG,1482
34.6112,DSC03168.JPG,DSC05478.JPG,1483
36.4544,DSC03169.JPG,DSC05479.JPG,1484
38.0928,DSC03170.JPG,DSC05480.JPG,1485
39.936,DSC03171.JPG,DSC05481.JPG,1486
41.5744,DSC03172.JPG,DSC05482.JPG,1487
42.8032,DSC03173.JPG,DSC05483.JPG,1488
44.2368,DSC03174.JPG,DSC05484.JPG,1489
45.4656,DSC03175.JPG,DSC05485.JPG,1490
46.6944,DSC03176.JPG,DSC05486.JPG,1491
49.9712,DSC03177.JPG,DSC05487.JPG,1492
52.6336,DSC03178.JPG,DSC05488.JPG,1493
54.6816,DSC03179.JPG,DSC05489.JPG,1494
56.32,DSC03180.JPG,DSC05490.JPG,1495
58.5728,DSC03181.JPG,DSC05491.JPG,1496
58.9824,DSC03182.JPG,DSC05492.JPG,1497
59.5968,DSC03183.JPG,DSC05493.JPG,1498
60.8256,DSC03184.JPG,DSC05494.JPG,1499
62.464,DSC03185.JPG,DSC05495.JPG,1500
63.8976,DSC03186.JPG,DSC05496.JPG,1501
65.536,DSC03187.JPG,DSC05497.JPG,1502
65.3312,DSC03188.JPG,DSC05498.JPG,1503
66.1504,DSC03189.JPG,DSC05499.JPG,1504
68.8128,DSC03190.JPG,DSC05500.JPG,1505
70.8608,DSC03191.JPG,DSC05501.JPG,1506
73.3184,DSC03192.JPG,DSC05502.JPG,1507
75.776,DSC03193.JPG,DSC05503.JPG,1508
77.4144,DSC03194.JPG,DSC05504.JPG,1509
78.6432,DSC03195.JPG,DSC05505.JPG,1510
79.6672,DSC03196.JPG,DSC05506.JPG,1511
79.4624,DSC03197.JPG,DSC05507.JPG,1512
82.3296,DSC03198.JPG,DSC05508.JPG,1513
84.5824,DSC03199.JPG,DSC05509.JPG,1514
86.8352,DSC03200.JPG,DSC05510.JPG,1515
88.6784,DSC03201.JPG,DSC05511.JPG,1516
89.7024,DSC03202.JPG,DSC05512.JPG,1517
90.7264,DSC03203.JPG,DSC05513.JPG,1518
92.3648,DSC03204.JPG,DSC05514.JPG,1519
93.3888,DSC03205.JPG,DSC05515.JPG,1520
94.6176,DSC03206.JPG,DSC05516.JPG,1521
95.232,DSC03207.JPG,DSC05517.JPG,1522
95.232,DSC03208.JPG,DSC05518.JPG,1523
96.8704,DSC03209.JPG,DSC05519.JPG,1524
98.9184,DSC03210.JPG,DSC05520.JPG,1525
100.352,DSC03211.JPG,DSC05521.JPG,1526
101.99,DSC03212.JPG,DSC05522.JPG,1527
103.834,DSC03213.JPG,DSC05523.JPG,1528
105.472,DSC03214.JPG,DSC05524.JPG,1529
107.11,DSC03215.JPG,DSC05525.JPG,1530
108.749,DSC03216.JPG,DSC05526.JPG,1531
108.544,DSC03217.JPG,DSC05527.JPG,1532
6.5536,DSC03218.JPG,DSC05528.JPG,1533
6.9632,DSC03219.JPG,DSC05529.JPG,1534
9.216,DSC03220.JPG,DSC05530.JPG,1535
11.0592,DSC03221.JPG,DSC05531.JPG,1536
12.4928,DSC03222.JPG,DSC05532.JPG,1537
14.1312,DSC03223.JPG,DSC05533.JPG,1538
15.7696,DSC03224.JPG,DSC05534.JPG,1539
17.2032,DSC03225.JPG,DSC05535.JPG,1540
18.432,DSC03226.JPG,DSC05536.JPG,1541
19.8656,DSC03227.JPG,DSC05537.JPG,1542
21.504,DSC03228.JPG,DSC05538.JPG,1543
22.7328,DSC03229.JPG,DSC05539.JPG,1544
23.7568,DSC03230.JPG,DSC05540.JPG,1545
26.0096,DSC03231.JPG,DSC05541.JPG,1546
28.0576,DSC03232.JPG,DSC05542.JPG,1547
29.4912,DSC03233.JPG,DSC05543.JPG,1548
31.3344,DSC03234.JPG,DSC05544.JPG,1549
32.768,DSC03235.JPG,DSC05545.JPG,1550
34.2016,DSC03236.JPG,DSC05546.JPG,1551
35.4304,DSC03237.JPG,DSC05547.JPG,1552
36.4544,DSC03238.JPG,DSC05548.JPG,1553
37.4784,DSC03239.JPG,DSC05549.JPG,1554
38.7072,DSC03240.JPG,DSC05550.JPG,1555
39.936,DSC03241.JPG,DSC05551.JPG,1556
40.96,DSC03242.JPG,DSC05552.JPG,1557
41.5744,DSC03243.JPG,DSC05553.JPG,1558
42.1888,DSC03244.JPG,DSC05554.JPG,1559
43.2128,DSC03245.JPG,DSC05555.JPG,1560
44.2368,DSC03246.JPG,DSC05556.JPG,1561
45.2608,DSC03247.JPG,DSC05557.JPG,1562
49.152,DSC03248.JPG,DSC05558.JPG,1563
51.2,DSC03249.JPG,DSC05559.JPG,1564
53.248,DSC03250.JPG,DSC05560.JPG,1565
54.4768,DSC03251.JPG,DSC05561.JPG,1566
55.9104,DSC03252.JPG,DSC05562.JPG,1567
56.9344,DSC03253.JPG,DSC05563.JPG,1568
58.368,DSC03254.JPG,DSC05564.JPG,1569
60.416,DSC03255.JPG,DSC05565.JPG,1570
61.8496,DSC03256.JPG,DSC05566.JPG,1571
62.464,DSC03257.JPG,DSC05567.JPG,1572
63.2832,DSC03258.JPG,DSC05568.JPG,1573
64.3072,DSC03259.JPG,DSC05569.JPG,1574
64.1024,DSC03260.JPG,DSC05570.JPG,1575
66.9696,DSC03261.JPG,DSC05571.JPG,1576
66.7648,DSC03262.JPG,DSC05572.JPG,1577
69.8368,DSC03263.JPG,DSC05573.JPG,1578
71.68,DSC03264.JPG,DSC05574.JPG,1579
73.1136,DSC03265.JPG,DSC05575.JPG,1580
74.752,DSC03266.JPG,DSC05576.JPG,1581
76.3904,DSC03267.JPG,DSC05577.JPG,1582
78.2336,DSC03268.JPG,DSC05578.JPG,1583
79.2576,DSC03269.JPG,DSC05579.JPG,1584
80.4864,DSC03270.JPG,DSC05580.JPG,1585
81.5104,DSC03271.JPG,DSC05581.JPG,1586
82.3296,DSC03272.JPG,DSC05582.JPG,1587
83.3536,DSC03273.JPG,DSC05583.JPG,1588
84.1728,DSC03274.JPG,DSC05584.JPG,1589
85.1968,DSC03275.JPG,DSC05585.JPG,1590
86.016,DSC03276.JPG,DSC05586.JPG,1591
88.4736,DSC03277.JPG,DSC05587.JPG,1592
90.5216,DSC03278.JPG,DSC05588.JPG,1593
92.16,DSC03279.JPG,DSC05589.JPG,1594
93.7984,DSC03280.JPG,DSC05590.JPG,1595
95.232,DSC03281.JPG,DSC05591.JPG,1596
96.0512,DSC03282.JPG,DSC05592.JPG,1597
97.6896,DSC03283.JPG,DSC05593.JPG,1598
98.7136,DSC03284.JPG,DSC05594.JPG,1599
100.147,DSC03285.JPG,DSC05595.JPG,1600
0.6144,DSC03286.JPG,DSC05596.JPG,1601
1.4336,DSC03287.JPG,DSC05597.JPG,1602
1.4336,DSC03288.JPG,DSC05598.JPG,1603
1.8432,DSC03289.JPG,DSC05599.JPG,1604
2.2528,DSC03290.JPG,DSC05600.JPG,1605
2.6624,DSC03291.JPG,DSC05601.JPG,1606
3.072,DSC03292.JPG,DSC05602.JPG,1607
4.096,DSC03293.JPG,DSC05603.JPG,1608
5.3248,DSC03294.JPG,DSC05604.JPG,1609
6.3488,DSC03295.JPG,DSC05605.JPG,1610
7.3728,DSC03296.JPG,DSC05606.JPG,1611
8.3968,DSC03297.JPG,DSC05607.JPG,1612
9.0112,DSC03298.JPG,DSC05608.JPG,1613
10.4448,DSC03299.JPG,DSC05609.JPG,1614
11.4688,DSC03300.JPG,DSC05610.JPG,1615
12.9024,DSC03301.JPG,DSC05611.JPG,1616
14.1312,DSC03302.JPG,DSC05612.JPG,1617
15.5648,DSC03303.JPG,DSC05613.JPG,1618
16.7936,DSC03304.JPG,DSC05614.JPG,1619
18.432,DSC03305.JPG,DSC05615.JPG,1620
19.8656,DSC03306.JPG,DSC05616.JPG,1621
20.8896,DSC03307.JPG,DSC05617.JPG,1622
22.3232,DSC03308.JPG,DSC05618.JPG,1623
23.1424,DSC03309.JPG,DSC05619.JPG,1624
26.0096,DSC03310.JPG,DSC05620.JPG,1625
28.8768,DSC03311.JPG,DSC05621.JPG,1626
30.9248,DSC03312.JPG,DSC05622.JPG,1627
32.5632,DSC03313.JPG,DSC05623.JPG,1628
34.2016,DSC03314.JPG,DSC05624.JPG,1629
37.0688,DSC03315.JPG,DSC05625.JPG,1630
38.0928,DSC03316.JPG,DSC05626.JPG,1631
39.3216,DSC03317.JPG,DSC05627.JPG,1632
40.3456,DSC03318.JPG,DSC05628.JPG,1633
41.3696,DSC03319.JPG,DSC05629.JPG,1634
42.5984,DSC03320.JPG,DSC05630.JPG,1635
45.6704,DSC03321.JPG,DSC05631.JPG,1636
48.128,DSC03322.JPG,DSC05632.JPG,1637
50.3808,DSC03323.JPG,DSC05633.JPG,1638
52.4288,DSC03324.JPG,DSC05634.JPG,1639
53.8624,DSC03325.JPG,DSC05635.JPG,1640
55.5008,DSC03326.JPG,DSC05636.JPG,1641
57.1392,DSC03327.JPG,DSC05637.JPG,1642
58.5728,DSC03328.JPG,DSC05638.JPG,1643
60.0064,DSC03329.JPG,DSC05639.JPG,1644
61.2352,DSC03330.JPG,DSC05640.JPG,1645
62.8736,DSC03331.JPG,DSC05641.JPG,1646
64.512,DSC03332.JPG,DSC05642.JPG,1647
65.9456,DSC03333.JPG,DSC05643.JPG,1648
67.9936,DSC03334.JPG,DSC05644.JPG,1649
70.0416,DSC03335.JPG,DSC05645.JPG,1650
71.8848,DSC03336.JPG,DSC05646.JPG,1651
73.5232,DSC03337.JPG,DSC05647.JPG,1652
75.3664,DSC03338.JPG,DSC05648.JPG,1653
77.0048,DSC03339.JPG,DSC05649.JPG,1654
78.6432,DSC03340.JPG,DSC05650.JPG,1655
80.0768,DSC03341.JPG,DSC05651.JPG,1656
81.5104,DSC03342.JPG,DSC05652.JPG,1657
82.5344,DSC03343.JPG,DSC05653.JPG,1658
83.7632,DSC03344.JPG,DSC05654.JPG,1659
86.4256,DSC03345.JPG,DSC05655.JPG,1660
88.6784,DSC03346.JPG,DSC05656.JPG,1661
88.8832,DSC03347.JPG,DSC05657.JPG,1662
90.5216,DSC03348.JPG,DSC05658.JPG,1663
91.5456,DSC03349.JPG,DSC05659.JPG,1664
93.184,DSC03350.JPG,DSC05660.JPG,1665
94.8224,DSC03351.JPG,DSC05661.JPG,1666
96.256,DSC03352.JPG,DSC05662.JPG,1667
97.4848,DSC03353.JPG,DSC05663.JPG,1668
98.9184,DSC03354.JPG,DSC05664.JPG,1669
100.352,DSC03355.JPG,DSC05665.JPG,1670
101.581,DSC03356.JPG,DSC05666.JPG,1671
102.605,DSC03357.JPG,DSC05667.JPG,1672
105.062,DSC03358.JPG,DSC05668.JPG,1673
107.93,DSC03359.JPG,DSC05669.JPG,1674
4.096,DSC03360.JPG,DSC05670.JPG,1675
3.6864,DSC03361.JPG,DSC05671.JPG,1676
5.5296,DSC03362.JPG,DSC05672.JPG,1677
6.7584,DSC03363.JPG,DSC05673.JPG,1678
8.3968,DSC03364.JPG,DSC05674.JPG,1679
9.8304,DSC03365.JPG,DSC05675.JPG,1680
11.4688,DSC03366.JPG,DSC05676.JPG,1681
13.312,DSC03367.JPG,DSC05677.JPG,1682
14.5408,DSC03368.JPG,DSC05678.JPG,1683
15.9744,DSC03369.JPG,DSC05679.JPG,1684
17.408,DSC03370.JPG,DSC05680.JPG,1685
18.8416,DSC03371.JPG,DSC05681.JPG,1686
21.2992,DSC03372.JPG,DSC05682.JPG,1687
23.7568,DSC03373.JPG,DSC05683.JPG,1688
25.3952,DSC03374.JPG,DSC05684.JPG,1689
27.2384,DSC03375.JPG,DSC05685.JPG,1690
28.8768,DSC03376.JPG,DSC05686.JPG,1691
30.72,DSC03377.JPG,DSC05687.JPG,1692
32.1536,DSC03378.JPG,DSC05688.JPG,1693
33.792,DSC03379.JPG,DSC05689.JPG,1694
35.0208,DSC03380.JPG,DSC05690.JPG,1695
36.2496,DSC03381.JPG,DSC05691.JPG,1696
37.4784,DSC03382.JPG,DSC05692.JPG,1697
38.2976,DSC03383.JPG,DSC05693.JPG,1698
39.5264,DSC03384.JPG,DSC05694.JPG,1699
42.8032,DSC03385.JPG,DSC05695.JPG,1700
45.2608,DSC03386.JPG,DSC05696.JPG,1701
47.104,DSC03387.JPG,DSC05697.JPG,1702
48.9472,DSC03388.JPG,DSC05698.JPG,1703
50.9952,DSC03389.JPG,DSC05699.JPG,1704
52.4288,DSC03390.JPG,DSC05700.JPG,1705
54.272,DSC03391.JPG,DSC05701.JPG,1706
55.7056,DSC03392.JPG,DSC05702.JPG,1707
57.1392,DSC03393.JPG,DSC05703.JPG,1708
58.7776,DSC03394.JPG,DSC05704.JPG,1709
60.2112,DSC03395.JPG,DSC05705.JPG,1710
61.6448,DSC03396.JPG,DSC05706.JPG,1711
62.6688,DSC03397.JPG,DSC05707.JPG,1712
65.7408,DSC03398.JPG,DSC05708.JPG,1713
67.9936,DSC03399.JPG,DSC05709.JPG,1714
69.4272,DSC03400.JPG,DSC05710.JPG,1715
70.8608,DSC03401.JPG,DSC05711.JPG,1716
72.2944,DSC03402.JPG,DSC05712.JPG,1717
73.9328,DSC03403.JPG,DSC05713.JPG,1718
75.776,DSC03404.JPG,DSC05714.JPG,1719
77.2096,DSC03405.JPG,DSC05715.JPG,1720
80.896,DSC03406.JPG,DSC05716.JPG,1721
83.5584,DSC03407.JPG,DSC05717.JPG,1722
85.6064,DSC03408.JPG,DSC05718.JPG,1723
87.4496,DSC03409.JPG,DSC05719.JPG,1724
88.8832,DSC03410.JPG,DSC05720.JPG,1725
90.3168,DSC03411.JPG,DSC05721.JPG,1726
91.9552,DSC03412.JPG,DSC05722.JPG,1727
93.5936,DSC03413.JPG,DSC05723.JPG,1728
94.8224,DSC03414.JPG,DSC05724.JPG,1729
97.8944,DSC03415.JPG,DSC05725.JPG,1730
100.147,DSC03416.JPG,DSC05726.JPG,1731
102.4,DSC03417.JPG,DSC05727.JPG,1732
103.629,DSC03418.JPG,DSC05728.JPG,1733
105.062,DSC03419.JPG,DSC05729.JPG,1734
106.496,DSC03420.JPG,DSC05730.JPG,1735
108.134,DSC03421.JPG,DSC05731.JPG,1736
108.134,DSC03422.JPG,DSC05732.JPG,1737
9.216,DSC03423.JPG,DSC05733.JPG,1738
5.9392,DSC03424.JPG,DSC05734.JPG,1739
7.7824,DSC03425.JPG,DSC05735.JPG,1740
9.8304,DSC03426.JPG,DSC05736.JPG,1741
11.8784,DSC03427.JPG,DSC05737.JPG,1742
13.7216,DSC03428.JPG,DSC05738.JPG,1743
15.9744,DSC03429.JPG,DSC05739.JPG,1744
17.8176,DSC03430.JPG,DSC05740.JPG,1745
19.6608,DSC03431.JPG,DSC05741.JPG,1746
21.504,DSC03432.JPG,DSC05742.JPG,1747
23.3472,DSC03433.JPG,DSC05743.JPG,1748
25.8048,DSC03434.JPG,DSC05744.JPG,1749
28.4672,DSC03435.JPG,DSC05745.JPG,1750
30.5152,DSC03436.JPG,DSC05746.JPG,1751
32.768,DSC03437.JPG,DSC05747.JPG,1752
34.6112,DSC03438.JPG,DSC05748.JPG,1753
36.0448,DSC03439.JPG,DSC05749.JPG,1754
37.4784,DSC03440.JPG,DSC05750.JPG,1755
38.912,DSC03441.JPG,DSC05751.JPG,1756
39.936,DSC03442.JPG,DSC05752.JPG,1757
41.1648,DSC03443.JPG,DSC05753.JPG,1758
44.032,DSC03444.JPG,DSC05754.JPG,1759
46.8992,DSC03445.JPG,DSC05755.JPG,1760
48.128,DSC03446.JPG,DSC05756.JPG,1761
49.7664,DSC03447.JPG,DSC05757.JPG,1762
51.2,DSC03448.JPG,DSC05758.JPG,1763
52.8384,DSC03449.JPG,DSC05759.JPG,1764
54.4768,DSC03450.JPG,DSC05760.JPG,1765
56.32,DSC03451.JPG,DSC05761.JPG,1766
57.9584,DSC03452.JPG,DSC05762.JPG,1767
59.1872,DSC03453.JPG,DSC05763.JPG,1768
60.2112,DSC03454.JPG,DSC05764.JPG,1769
61.44,DSC03455.JPG,DSC05765.JPG,1770
64.9216,DSC03456.JPG,DSC05766.JPG,1771
67.584,DSC03457.JPG,DSC05767.JPG,1772
69.632,DSC03458.JPG,DSC05768.JPG,1773
72.0896,DSC03459.JPG,DSC05769.JPG,1774
74.3424,DSC03460.JPG,DSC05770.JPG,1775
77.4144,DSC03461.JPG,DSC05771.JPG,1776
79.6672,DSC03462.JPG,DSC05772.JPG,1777
81.92,DSC03463.JPG,DSC05773.JPG,1778
83.7632,DSC03464.JPG,DSC05774.JPG,1779
85.8112,DSC03465.JPG,DSC05775.JPG,1780
89.2928,DSC03466.JPG,DSC05776.JPG,1781
92.16,DSC03467.JPG,DSC05777.JPG,1782
94.6176,DSC03468.JPG,DSC05778.JPG,1783
96.6656,DSC03469.JPG,DSC05779.JPG,1784
98.304,DSC03470.JPG,DSC05780.JPG,1785
99.7376,DSC03471.JPG,DSC05781.JPG,1786
101.171,DSC03472.JPG,DSC05782.JPG,1787
102.4,DSC03473.JPG,DSC05783.JPG,1788
103.834,DSC03474.JPG,DSC05784.JPG,1789
104.653,DSC03475.JPG,DSC05785.JPG,1790
107.315,DSC03476.JPG,DSC05786.JPG,1791
108.954,DSC03477.JPG,DSC05787.JPG,1792
108.749,DSC03478.JPG,DSC05788.JPG,1793
6.7584,DSC03479.JPG,DSC05789.JPG,1794
3.8912,DSC03480.JPG,DSC05790.JPG,1795
5.12,DSC03481.JPG,DSC05791.JPG,1796
6.7584,DSC03482.JPG,DSC05792.JPG,1797
8.6016,DSC03483.JPG,DSC05793.JPG,1798
10.4448,DSC03484.JPG,DSC05794.JPG,1799
12.0832,DSC03485.JPG,DSC05795.JPG,1800
0.6144,DSC03486.JPG,DSC05796.JPG,1801
1.4336,DSC03487.JPG,DSC05797.JPG,1802
2.048,DSC03488.JPG,DSC05798.JPG,1803
2.8672,DSC03489.JPG,DSC05799.JPG,1804
3.2768,DSC03490.JPG,DSC05800.JPG,1805
3.6864,DSC03491.JPG,DSC05801.JPG,1806
4.096,DSC03492.JPG,DSC05802.JPG,1807
5.12,DSC03493.JPG,DSC05803.JPG,1808
6.3488,DSC03494.JPG,DSC05804.JPG,1809
7.5776,DSC03495.JPG,DSC05805.JPG,1810
8.6016,DSC03496.JPG,DSC05806.JPG,1811
9.8304,DSC03497.JPG,DSC05807.JPG,1812
10.8544,DSC03498.JPG,DSC05808.JPG,1813
12.0832,DSC03499.JPG,DSC05809.JPG,1814
13.1072,DSC03500.JPG,DSC05810.JPG,1815
14.5408,DSC03501.JPG,DSC05811.JPG,1816
16.1792,DSC03502.JPG,DSC05812.JPG,1817
17.8176,DSC03503.JPG,DSC05813.JPG,1818
19.8656,DSC03504.JPG,DSC05814.JPG,1819
21.504,DSC03505.JPG,DSC05815.JPG,1820
23.1424,DSC03506.JPG,DSC05816.JPG,1821
24.576,DSC03507.JPG,DSC05817.JPG,1822
26.0096,DSC03508.JPG,DSC05818.JPG,1823
27.2384,DSC03509.JPG,DSC05819.JPG,1824
28.0576,DSC03510.JPG,DSC05820.JPG,1825
29.0816,DSC03511.JPG,DSC05821.JPG,1826
30.3104,DSC03512.JPG,DSC05822.JPG,1827
32.9728,DSC03513.JPG,DSC05823.JPG,1828
35.84,DSC03514.JPG,DSC05824.JPG,1829
37.6832,DSC03515.JPG,DSC05825.JPG,1830
39.5264,DSC03516.JPG,DSC05826.JPG,1831
41.5744,DSC03517.JPG,DSC05827.JPG,1832
43.8272,DSC03518.JPG,DSC05828.JPG,1833
45.4656,DSC03519.JPG,DSC05829.JPG,1834
46.4896,DSC03520.JPG,DSC05830.JPG,1835
46.8992,DSC03521.JPG,DSC05831.JPG,1836
48.9472,DSC03522.JPG,DSC05832.JPG,1837
50.5856,DSC03523.JPG,DSC05833.JPG,1838
51.6096,DSC03524.JPG,DSC05834.JPG,1839
52.8384,DSC03525.JPG,DSC05835.JPG,1840
52.8384,DSC03526.JPG,DSC05836.JPG,1841
55.5008,DSC03527.JPG,DSC05837.JPG,1842
57.7536,DSC03528.JPG,DSC05838.JPG,1843
59.5968,DSC03529.JPG,DSC05839.JPG,1844
61.0304,DSC03530.JPG,DSC05840.JPG,1845
62.464,DSC03531.JPG,DSC05841.JPG,1846
63.6928,DSC03532.JPG,DSC05842.JPG,1847
64.7168,DSC03533.JPG,DSC05843.JPG,1848
66.1504,DSC03534.JPG,DSC05844.JPG,1849
66.9696,DSC03535.JPG,DSC05845.JPG,1850
70.4512,DSC03536.JPG,DSC05846.JPG,1851
72.704,DSC03537.JPG,DSC05847.JPG,1852
74.752,DSC03538.JPG,DSC05848.JPG,1853
76.3904,DSC03539.JPG,DSC05849.JPG,1854
77.824,DSC03540.JPG,DSC05850.JPG,1855
79.4624,DSC03541.JPG,DSC05851.JPG,1856
80.6912,DSC03542.JPG,DSC05852.JPG,1857
81.7152,DSC03543.JPG,DSC05853.JPG,1858
82.944,DSC03544.JPG,DSC05854.JPG,1859
83.968,DSC03545.JPG,DSC05855.JPG,1860
84.5824,DSC03546.JPG,DSC05856.JPG,1861
84.7872,DSC03547.JPG,DSC05857.JPG,1862
87.4496,DSC03548.JPG,DSC05858.JPG,1863
89.9072,DSC03549.JPG,DSC05859.JPG,1864
91.7504,DSC03550.JPG,DSC05860.JPG,1865
93.5936,DSC03551.JPG,DSC05861.JPG,1866
95.232,DSC03552.JPG,DSC05862.JPG,1867
96.4608,DSC03553.JPG,DSC05863.JPG,1868
97.8944,DSC03554.JPG,DSC05864.JPG,1869
99.328,DSC03555.JPG,DSC05865.JPG,1870
101.786,DSC03556.JPG,DSC05866.JPG,1871
105.062,DSC03557.JPG,DSC05867.JPG,1872
106.906,DSC03558.JPG,DSC05868.JPG,1873
108.749,DSC03559.JPG,DSC05869.JPG,1874
5.12,DSC03560.JPG,DSC05870.JPG,1875
5.9392,DSC03561.JPG,DSC05871.JPG,1876
7.7824,DSC03562.JPG,DSC05872.JPG,1877
9.216,DSC03563.JPG,DSC05873.JPG,1878
11.8784,DSC03564.JPG,DSC05874.JPG,1879
14.5408,DSC03565.JPG,DSC05875.JPG,1880
16.9984,DSC03566.JPG,DSC05876.JPG,1881
20.48,DSC03567.JPG,DSC05877.JPG,1882
23.552,DSC03568.JPG,DSC05878.JPG,1883
25.3952,DSC03569.JPG,DSC05879.JPG,1884
28.8768,DSC03570.JPG,DSC05880.JPG,1885
31.3344,DSC03571.JPG,DSC05881.JPG,1886
33.792,DSC03572.JPG,DSC05882.JPG,1887
35.84,DSC03573.JPG,DSC05883.JPG,1888
37.6832,DSC03574.JPG,DSC05884.JPG,1889
39.7312,DSC03575.JPG,DSC05885.JPG,1890
41.5744,DSC03576.JPG,DSC05886.JPG,1891
42.8032,DSC03577.JPG,DSC05887.JPG,1892
46.4896,DSC03578.JPG,DSC05888.JPG,1893
48.9472,DSC03579.JPG,DSC05889.JPG,1894
51.4048,DSC03580.JPG,DSC05890.JPG,1895
53.248,DSC03581.JPG,DSC05891.JPG,1896
54.8864,DSC03582.JPG,DSC05892.JPG,1897
56.5248,DSC03583.JPG,DSC05893.JPG,1898
59.392,DSC03584.JPG,DSC05894.JPG,1899
62.2592,DSC03585.JPG,DSC05895.JPG,1900
64.3072,DSC03586.JPG,DSC05896.JPG,1901
65.9456,DSC03587.JPG,DSC05897.JPG,1902
67.7888,DSC03588.JPG,DSC05898.JPG,1903
72.2944,DSC03589.JPG,DSC05899.JPG,1904
74.752,DSC03590.JPG,DSC05900.JPG,1905
76.5952,DSC03591.JPG,DSC05901.JPG,1906
78.6432,DSC03592.JPG,DSC05902.JPG,1907
80.0768,DSC03593.JPG,DSC05903.JPG,1908
81.1008,DSC03594.JPG,DSC05904.JPG,1909
82.5344,DSC03595.JPG,DSC05905.JPG,1910
84.992,DSC03596.JPG,DSC05906.JPG,1911
85.8112,DSC03597.JPG,DSC05907.JPG,1912
87.6544,DSC03598.JPG,DSC05908.JPG,1913
89.2928,DSC03599.JPG,DSC05909.JPG,1914
91.136,DSC03600.JPG,DSC05910.JPG,1915
92.3648,DSC03601.JPG,DSC05911.JPG,1916
93.5936,DSC03602.JPG,DSC05912.JPG,1917
97.0752,DSC03603.JPG,DSC05913.JPG,1918
99.5328,DSC03604.JPG,DSC05914.JPG,1919
101.376,DSC03605.JPG,DSC05915.JPG,1920
103.014,DSC03606.JPG,DSC05916.JPG,1921
104.653,DSC03607.JPG,DSC05917.JPG,1922
105.882,DSC03608.JPG,DSC05918.JPG,1923
107.725,DSC03609.JPG,DSC05919.JPG,1924
16.384,DSC03610.JPG,DSC05920.JPG,1925
2.8672,DSC03611.JPG,DSC05921.JPG,1926
6.144,DSC03612.JPG,DSC05922.JPG,1927
7.7824,DSC03613.JPG,DSC05923.JPG,1928
9.216,DSC03614.JPG,DSC05924.JPG,1929
13.5168,DSC03615.JPG,DSC05925.JPG,1930
16.1792,DSC03616.JPG,DSC05926.JPG,1931
18.6368,DSC03617.JPG,DSC05927.JPG,1932
20.2752,DSC03618.JPG,DSC05928.JPG,1933
21.7088,DSC03619.JPG,DSC05929.JPG,1934
22.9376,DSC03620.JPG,DSC05930.JPG,1935
26.624,DSC03621.JPG,DSC05931.JPG,1936
29.2864,DSC03622.JPG,DSC05932.JPG,1937
31.3344,DSC03623.JPG,DSC05933.JPG,1938
32.9728,DSC03624.JPG,DSC05934.JPG,1939
34.816,DSC03625.JPG,DSC05935.JPG,1940
36.4544,DSC03626.JPG,DSC05936.JPG,1941
38.2976,DSC03627.JPG,DSC05937.JPG,1942
39.5264,DSC03628.JPG,DSC05938.JPG,1943
40.96,DSC03629.JPG,DSC05939.JPG,1944
41.984,DSC03630.JPG,DSC05940.JPG,1945
43.2128,DSC03631.JPG,DSC05941.JPG,1946
46.2848,DSC03632.JPG,DSC05942.JPG,1947
48.7424,DSC03633.JPG,DSC05943.JPG,1948
50.7904,DSC03634.JPG,DSC05944.JPG,1949
52.6336,DSC03635.JPG,DSC05945.JPG,1950
54.4768,DSC03636.JPG,DSC05946.JPG,1951
55.9104,DSC03637.JPG,DSC05947.JPG,1952
57.5488,DSC03638.JPG,DSC05948.JPG,1953
58.7776,DSC03639.JPG,DSC05949.JPG,1954
59.8016,DSC03640.JPG,DSC05950.JPG,1955
61.2352,DSC03641.JPG,DSC05951.JPG,1956
62.0544,DSC03642.JPG,DSC05952.JPG,1957
63.0784,DSC03643.JPG,DSC05953.JPG,1958
63.8976,DSC03644.JPG,DSC05954.JPG,1959
66.56,DSC03645.JPG,DSC05955.JPG,1960
68.8128,DSC03646.JPG,DSC05956.JPG,1961
70.8608,DSC03647.JPG,DSC05957.JPG,1962
72.4992,DSC03648.JPG,DSC05958.JPG,1963
73.9328,DSC03649.JPG,DSC05959.JPG,1964
74.9568,DSC03650.JPG,DSC05960.JPG,1965
75.9808,DSC03651.JPG,DSC05961.JPG,1966
77.2096,DSC03652.JPG,DSC05962.JPG,1967
78.6432,DSC03653.JPG,DSC05963.JPG,1968
81.1008,DSC03654.JPG,DSC05964.JPG,1969
82.944,DSC03655.JPG,DSC05965.JPG,1970
84.7872,DSC03656.JPG,DSC05966.JPG,1971
86.4256,DSC03657.JPG,DSC05967.JPG,1972
87.8592,DSC03658.JPG,DSC05968.JPG,1973
89.2928,DSC03659.JPG,DSC05969.JPG,1974
91.7504,DSC03660.JPG,DSC05970.JPG,1975
94.208,DSC03661.JPG,DSC05971.JPG,1976
95.6416,DSC03662.JPG,DSC05972.JPG,1977
97.0752,DSC03663.JPG,DSC05973.JPG,1978
98.7136,DSC03664.JPG,DSC05974.JPG,1979
99.9424,DSC03665.JPG,DSC05975.JPG,1980
101.376,DSC03666.JPG,DSC05976.JPG,1981
101.171,DSC03667.JPG,DSC05977.JPG,1982
103.424,DSC03668.JPG,DSC05978.JPG,1983
105.062,DSC03669.JPG,DSC05979.JPG,1984
106.701,DSC03670.JPG,DSC05980.JPG,1985
108.339,DSC03671.JPG,DSC05981.JPG,1986
109.978,DSC03672.JPG,DSC05982.JPG,1987
20.2752,DSC03673.JPG,DSC05983.JPG,1988
5.12,DSC03674.JPG,DSC05984.JPG,1989
6.9632,DSC03675.JPG,DSC05985.JPG,1990
9.0112,DSC03676.JPG,DSC05986.JPG,1991
10.8544,DSC03677.JPG,DSC05987.JPG,1992
12.288,DSC03678.JPG,DSC05988.JPG,1993
13.9264,DSC03679.JPG,DSC05989.JPG,1994
15.7696,DSC03680.JPG,DSC05990.JPG,1995
18.8416,DSC03681.JPG,DSC05991.JPG,1996
21.504,DSC03682.JPG,DSC05992.JPG,1997
23.7568,DSC03683.JPG,DSC05993.JPG,1998
25.8048,DSC03684.JPG,DSC05994.JPG,1999
28.0576,DSC03685.JPG,DSC05995.JPG,2000
